ID,First Name,Last Name,Sex,HSGPA,Year,Major,GPA Units,GPA,Total Units
34555641,Malachi,Graham,M,2.98,FY,E,0,0,5
89388941,Asher,Ayers,M,3.45,JR,A,14,3.41,16
12795232,Riley,Joseph,M,2.96,FY,C,0,0,5
48375892,Alex,Trejo,M,3.31,FY,A,0,0,4
98317384,Lilah,Simmons,F,3.85,JR,A,12,3.56,15
46949660,Ian,Correa,M,3.19,SR,D,20,2.87,25
76968839,Malia,Christian,F,2.81,JR,A,12,2.84,17
43519950,Raegan,Berg,F,2.93,SO,A,4,3.07,7
36776479,Sawyer,Little,F,3.82,JR,A,12,3.81,17
19894611,Reid,Beard,M,3.96,JR,E,14,2.18,17
18103232,Eden,Martin,F,3.44,JR,C,13,3.88,17
19407636,Eleanor,Cox,F,3.05,SR,A,18,3.11,24
92148789,Zoe,Huffman,F,3.37,JR,A,12,3.48,14
66132344,Daniel,Garrett,M,3.92,SR,A,23,2.68,26
61550182,Kaden,Logan,M,3.01,FY,A,0,0,2
26396706,Harper,Garner,F,2.75,SR,A,17,2.87,21
76694584,Bentley,Walton,M,3.51,JR,A,12,2.89,14
13819350,Molly,Snyder,F,2.67,SO,B,4,3.65,9
46582451,Alana,Ferguson,F,3.53,JR,B,13,2.62,16
63930067,Jaden,Johnson,M,3.55,SO,C,4,2.38,8
79684829,Felix,Bell,M,3.86,SO,C,5,2.51,8
91852951,Blake,Fowler,F,2.64,SO,B,5,3.72,10
55864065,Katherine,Villanueva,F,3.37,SR,C,16,3.33,23
53121769,Jade,Armstrong,F,3.38,SR,C,17,3.32,25
59398280,Alexis,Mullins,F,3.74,SO,A,4,3.73,6
92343199,Amelia,Foster,F,3.36,FY,C,0,0,2
17816065,Adelyn,Mitchell,F,2.5,SR,E,20,3.21,26
99360709,Bailey,Bruce,F,3.18,SO,B,4,2.99,9
84081313,Nova,Mcintyre,F,3.24,SO,B,4,2.11,6
44574428,Nathan,Weeks,M,2.85,JR,C,12,2.63,14
81258425,Izabella,Lawrence,F,3.17,SR,A,18,3.59,24
93753993,Steven,Villalobos,M,3.36,JR,C,13,3.64,17
82831438,Melody,Portillo,F,3.98,SO,E,5,3.57,9
45332354,Isaiah,Combs,M,3.51,SO,C,4,3.14,8
49720002,Hayden,Hogan,M,3.76,SR,A,17,3.66,25
93050878,Tucker,Juarez,M,3.18,JR,A,15,2.02,17
55978084,Walter,Good,M,3.02,JR,C,14,3.9,19
13436222,Axel,Moon,M,3.88,FY,A,0,0,5
29388051,Weston,Burke,M,3.89,SO,C,4,3.96,8
72817948,Vivian,Xiong,F,3.05,SR,B,18,2.95,26
98429447,Mark,Gonzales,M,2.75,JR,E,14,2.95,18
18683760,Hunter,Chavez,M,3.4,FY,C,0,0,3
24727994,Alyssa,Blackburn,F,3.25,SO,A,4,2.8,7
75309411,Adriel,Collins,M,3.04,SO,E,5,2.44,7
18255071,King,Blake,M,2.68,SR,C,24,3.72,28
33712031,Jasmine,Hancock,F,3.58,SR,C,19,3.53,28
91428136,Laila,Paul,F,3.97,SR,C,18,3.35,25
41527305,Molly,Lawrence,F,2.69,FY,C,0,0,2
58901696,Julia,Liu,F,3.03,FY,C,0,0,3
92421550,Harley,Ho,F,3.01,JR,C,13,2.93,17
13820403,Payton,Cuevas,F,3.63,FY,D,0,0,2
56045960,Bryan,Webb,M,2.82,FY,B,0,0,4
68298865,Angel,Beltran,M,3.42,SO,A,4,3.23,7
39701845,Xavier,Moyer,M,3.05,FY,A,0,0,4
38501908,Corbin,Rocha,M,3.45,SR,B,16,3.63,25
37188130,Vera,Dixon,F,2.66,FY,C,0,0,4
98721681,Lillian,Pearson,F,2.76,JR,C,12,3.35,15
55921529,Jayden,Guerra,M,2.6,FY,A,0,0,3
25295896,Stella,Rodriguez,F,3.48,FY,A,0,0,2
63520331,Bradley,Sanders,M,3.83,FY,A,0,0,2
72387136,Brianna,Cook,F,3.06,SR,B,16,2.29,24
23932218,Trinity,Lawson,F,3.61,SR,C,22,2.65,26
77626852,Madeline,Goodwin,F,3.65,JR,C,12,3.61,15
22723367,Abel,Johnson,M,2.76,FY,B,0,0,5
84219047,Eleanor,Suarez,F,3.86,SR,C,22,2.52,24
92996812,Zander,Pope,M,2.87,SO,B,4,2.48,7
81448279,Peyton,Madden,F,2.63,JR,A,12,2.7,15
69400381,Brantley,Odom,M,3.65,FY,A,0,0,2
63648178,Evangeline,Cunningham,F,3.94,SO,A,4,2.57,6
32162738,Esther,Gates,F,3.18,SO,C,4,3.29,7
17591760,Kingston,Levy,M,3.39,SR,C,22,3.35,23
24366460,Norah,Hawkins,F,3.86,FY,D,0,0,3
38972459,Calvin,Little,M,2.91,FY,D,0,0,3
56307315,Charlotte,David,F,3.06,SO,E,5,2.88,10
96323781,Esther,Lara,F,3.25,JR,A,13,2.4,17
24902472,Zane,Nash,M,2.95,JR,E,13,3.67,18
17434916,Ezra,Walsh,M,2.91,JR,D,12,2.86,12
78696536,Eloise,Phelps,F,3.1,SR,C,21,2.19,24
28008689,Londyn,Hensley,F,3.16,FY,A,0,0,3
84758439,Ariana,Terrell,F,3.96,SR,C,19,2.73,27
89964779,Rebecca,Rivera,F,3.9,FY,C,0,0,3
38813550,Natalie,Stokes,F,2.95,SO,A,4,3.57,9
21719502,Madeline,Hancock,F,2.89,FY,A,0,0,4
11000716,Ariel,Estrada,F,3.89,SO,D,4,2.75,4
66239924,Leah,Donovan,F,3.18,JR,E,13,3.32,18
63747652,Rebecca,Quintana,F,3.5,SO,E,5,2,7
29724392,Lydia,Molina,F,2.78,FY,B,0,0,4
32017884,Nathan,Wise,M,3.69,SO,A,4,1.79,7
44635587,Kayla,Wall,F,3.64,FY,D,0,0,5
88032957,Logan,Wiggins,M,3.65,SO,D,4,2.44,8
13147723,Hope,Galvan,F,2.73,SR,C,20,2.84,27
13551828,Reid,Hopkins,M,2.58,JR,E,13,3.48,16
65002609,Brooklynn,Peters,F,2.79,SO,A,4,3.51,8
75600481,Lorenzo,Blanchard,M,2.8,JR,C,15,2.64,15
81039973,Caden,Medina,M,3.7,FY,C,0,0,3
52900897,Enzo,Morris,M,3.04,FY,A,0,0,4
35249615,Javier,Kerr,M,2.7,SR,E,19,2.32,25
92072698,Lane,Bradford,M,2.85,JR,A,13,3.68,17
39429294,Gemma,Dawson,F,3.86,SO,D,4,2.13,7
81596032,Kingston,Hansen,M,3.98,JR,C,14,2.77,16
41630621,Rosalie,Morse,F,3.14,SR,C,17,3.63,25
64151472,Dominic,Johns,M,2.79,SO,C,5,2.77,10
96889054,Milo,Dickson,M,2.81,FY,C,0,0,2
53393384,Colt,Nolan,M,3.94,SO,C,5,3.56,9
42379566,Ivan,Walton,M,3.16,SR,D,22,2.15,26
37915113,Waylon,Conway,M,3.74,SO,E,4,3.48,6
88755193,Violet,Brown,F,3.06,FY,D,0,0,4
91699634,Brooke,Mclean,F,3.42,SO,E,4,2.84,7
46031267,Lilah,Mckee,F,3.09,SO,A,5,2.01,10
25197903,Ariel,Montoya,F,3.5,SR,E,16,3.4,22
46446242,Angelina,Tyler,F,3.45,FY,D,0,0,5
22011691,Rylee,Rocha,F,2.63,FY,C,0,0,2
58932765,Journee,Villegas,F,2.54,SO,A,4,2.2,8
18845062,Nicholas,Santiago,M,3.46,SR,D,17,2.21,24
32106447,Diego,Strong,M,3.9,FY,C,0,0,2
78639244,Marley,Bennett,F,2.52,FY,A,0,0,4
38195014,Penelope,Gallagher,F,3.41,SR,C,25,2.08,27
28030548,Amari,Casey,M,3.52,SO,B,4,3.01,6
51341126,Dominic,Jennings,M,2.65,FY,A,0,0,5
26881741,David,Pineda,M,3.23,JR,C,13,2.94,15
71613025,Thiago,Conway,M,3.29,SO,C,4,3.04,7
11457992,Jeremy,Black,M,3.31,JR,E,14,1.99,17
16234064,Adaline,Bush,F,3.34,SO,E,5,2.22,10
12930935,Rylan,Hicks,M,3.58,FY,C,0,0,2
51611744,Arianna,Thomas,F,2.95,FY,C,0,0,5
86301626,Javier,Jensen,M,3.3,FY,C,0,0,0
21597540,Myles,Caldwell,M,3.01,SO,A,5,2.68,9
66414837,Nash,Savage,M,3.3,JR,A,12,2.86,14
24372972,Brynlee,Harper,F,3.79,SO,C,5,3.81,10
91575704,Ember,Huerta,F,3.33,JR,E,13,3.67,18
34662558,Gael,Ross,M,3.63,JR,E,12,1.93,13
79444473,Kayden,Guzman,M,3.99,SR,E,22,3.91,25
58151200,Abigail,Boone,F,2.66,SR,A,17,2.76,23
97583722,Peter,Phelps,M,3.49,SO,C,4,3.16,6
97056790,Harper,Woods,F,3.69,JR,D,13,3.9,16
78315115,Remington,Lu,M,3.22,SR,A,20,3.28,25
62541399,Lucille,Stokes,F,3.14,FY,A,0,0,5
44488274,Arthur,Maldonado,M,3.48,FY,A,0,0,3
55472135,Mckenzie,Welch,F,2.94,SR,A,22,2.78,24
91713871,Noah,Stewart,M,3.25,FY,A,0,0,5
63154164,Griffin,Morales,M,3.31,FY,B,0,0,5
83476037,Marcus,Mcdaniel,M,3.66,SR,A,17,3.59,25
68255264,Santiago,Day,M,2.67,FY,D,0,0,5
81365402,Alaina,Potts,F,2.73,SO,E,5,2.64,10
78152218,Jonathan,Contreras,M,3.87,FY,C,0,0,4
94040551,Bailey,Bender,F,3.45,SR,B,22,3.27,24
59279498,Zachary,Mahoney,M,3.34,FY,A,0,0,2
54380002,Maxwell,Jefferson,M,3.78,FY,A,0,0,3
22097161,Bennett,Sellers,M,3.27,SO,C,4,2.24,8
45905886,Destiny,Cantu,F,2.67,SO,C,4,2.87,9
23770652,Emilia,Ortiz,F,2.69,SO,C,6,2.55,11
67284175,Athena,Holland,F,3.44,FY,A,0,0,4
19976097,Trinity,Herman,F,3.65,SR,D,18,2.96,23
93392017,Abraham,Leonard,M,3.78,SO,C,5,3.5,8
21184986,Finley,Snyder,M,3.26,JR,A,13,4,17
68964074,Karson,Villegas,M,3.2,FY,A,0,0,3
94284237,Reagan,Raymond,F,3.61,FY,C,0,0,2
52609628,Paige,Mayo,F,3.02,JR,C,12,2.65,17
34961323,King,Murray,M,2.64,FY,A,0,0,5
88600374,Iker,Singleton,M,3.11,SO,E,5,1.76,8
55280309,Ella,Leal,F,2.98,SO,A,5,2.16,7
15930884,Jorge,Estrada,M,2.58,SO,A,4,2.58,7
56883696,Francisco,Hopkins,M,3.37,SO,C,4,3.35,9
24173024,Declan,Smith,M,3.03,SR,C,21,3.32,28
14739706,Bradley,Peters,M,3.19,JR,A,12,1.93,15
75567008,Weston,Mclaughlin,M,3.27,SR,B,18,1.77,24
69293114,Ashley,Truong,F,3.52,FY,C,0,0,5
72669284,Roman,Pratt,M,3.48,SO,E,4,3.48,7
89502752,Luis,Scott,M,3.36,SR,B,23,2.28,24
62406900,Kyrie,Martinez,M,2.95,FY,C,0,0,2
82312035,Landon,Whitaker,M,2.81,SO,C,4,2.17,7
15379950,Wyatt,Pruitt,M,2.71,FY,A,0,0,5
47687239,Sofia,Walls,F,3.99,SO,C,4,3.85,6
43340079,Carter,Mckinney,M,3.54,JR,D,12,2.34,17
11568266,Daleyza,Spears,F,3.21,JR,C,14,3.08,16
78562931,Harley,Romero,F,2.81,SR,B,21,3.04,26
53797938,Amiyah,Dillon,F,3.59,FY,B,0,0,3
57800227,Anthony,Beil,M,2.87,SR,D,19,2.83,23
29818466,Sawyer,Dyer,F,3.88,FY,A,0,0,3
72546676,Audrey,Mcbride,F,2.68,SR,C,20,2.13,25
65155012,Alexandra,Santiago,F,2.71,JR,A,14,2.58,16
49449608,Levi,Morales,M,2.55,JR,C,12,3.98,16
71814335,Omar,Welch,M,2.9,FY,A,0,0,2
27913434,Clara,Barajas,F,2.95,JR,C,12,3.78,15
24380469,Elliott,Santana,M,3.26,FY,A,0,0,5
82804125,Madeline,Larson,F,3.5,SO,B,5,3.02,8
57344190,Jude,Delgado,M,3.74,FY,C,0,0,4
83738850,Olive,Foster,F,3.21,SR,A,16,2.89,25
66551655,Daniela,Dickson,F,3.56,SO,B,4,2.46,7
24809545,Paige,Salinas,F,3.02,JR,C,12,2.94,16
76266346,Brooke,Felix,F,2.79,SR,A,22,2.66,25
15634835,Joshua,Suarez,M,3.86,SR,C,17,2.38,26
13428728,John,Galindo,M,2.7,SO,A,4,2.05,4
67759413,Diana,Acosta,F,3.22,SR,A,16,2.32,25
61783670,Genesis,Bowers,F,2.92,FY,A,0,0,3
16455717,Sloane,Williams,F,2.81,FY,D,0,0,2
96303514,Justin,Warren,M,3.27,SO,C,4,3.24,7
91446595,Antonio,Austin,M,3.59,SO,C,4,3.17,8
97637481,Alayna,Todd,F,3.25,FY,A,0,0,5
31843681,Eric,Duncan,M,3.02,FY,B,0,0,2
66932126,Daleyza,Shah,F,3.7,JR,A,13,3.65,18
29043294,Liliana,Elliott,F,2.99,SR,A,23,2.94,28
58386010,Londyn,Miranda,F,2.71,SR,B,17,1.97,24
38506790,Iris,Harrison,F,3.55,JR,B,13,3.69,16
78344392,Naomi,Higgins,F,3.14,FY,A,0,0,0
95219622,Gemma,Spence,F,2.6,SR,B,18,2.85,27
21429660,Cora,Mccarthy,F,2.56,FY,C,0,0,0
26683793,Eloise,Vance,F,2.92,FY,A,0,0,4
85273228,Adelyn,Roberson,F,2.73,SO,A,5,3.14,9
85521936,Daisy,Jarvis,F,3.37,SO,E,4,1.8,8
65403403,Braxton,Gross,M,2.57,JR,C,12,3.29,14
95527319,Noelle,Wolf,F,3.29,FY,C,0,0,4
54818393,Maverick,Cox,M,3.51,FY,A,0,0,4
85970775,Adrian,Daniel,M,2.96,SO,C,4,3.08,9
16423400,Nora,Melendez,F,2.69,FY,C,0,0,4
51801201,Hope,Pineda,F,2.82,SR,B,16,2.55,25
42734796,Asher,Shaffer,M,3.75,SO,E,4,3.24,6
54588601,Ryan,Woodward,M,2.62,SR,C,20,2.71,25
54013722,Quinn,Stone,F,2.88,JR,C,14,3.94,19
84818033,Kimberly,Dominguez,F,3.26,JR,E,13,3.19,13
47050704,Eliana,Klein,F,2.81,FY,C,0,0,1
15805205,Legend,Larsen,M,3.58,SR,A,17,3.58,23
45226298,Cole,Maxwell,M,3,FY,B,0,0,5
13372925,Michael,Francis,M,3.11,FY,E,0,0,4
85854319,Emmanuel,Hendricks,M,2.64,SO,C,5,2.81,10
93339352,Derek,Bond,M,2.65,SO,A,4,2.69,8
36791653,Ariana,Lawrence,F,3.66,JR,C,14,3.99,19
87694869,Alyssa,Shaw,F,2.63,JR,E,13,2.82,14
17027080,Rylan,Mcfarland,M,3.19,FY,E,0,0,3
99739029,Jonathan,Gardner,M,2.74,JR,A,13,1.83,16
38710079,Adelaide,Day,F,2.69,FY,E,0,0,4
63932780,Steven,Peralta,M,2.72,SR,A,17,3.08,23
34084320,Adam,Bernal,M,3.48,SO,D,4,3.54,8
38145615,Amaya,Avila,F,3.26,JR,E,12,3.15,17
76141344,Ariel,Valenzuela,F,2.77,FY,C,0,0,2
41481458,Weston,Johnson,M,3.05,JR,C,14,3.33,17
53900112,Teagan,Tate,F,3.32,SR,C,22,2.26,27
64238216,Vivienne,Becker,F,3.58,SR,E,18,3.07,27
76915554,Adriel,Valentine,M,2.9,SO,D,4,3.44,8
37947355,Emmanuel,Sampson,M,2.6,SR,A,18,2.58,27
48174423,Genevieve,Potter,F,3.6,SR,E,22,3.77,24
75194627,Isaac,Roberts,M,3.43,SO,E,4,1.94,7
17130516,Levi,Spencer,M,3.4,JR,C,14,2.84,14
86947138,Zion,Hull,M,3.38,FY,D,0,0,3
55024265,Owen,Molina,M,2.74,SR,E,19,2.52,25
16999582,Karter,Barry,M,3.62,FY,A,0,0,2
76866274,Thomas,Hancock,M,3.35,JR,C,14,3.32,14
61198576,Colton,Farmer,M,4,JR,A,13,2.69,16
61311426,Maya,Gill,F,2.95,SR,A,17,2.34,26
19044884,Maggie,Barnes,F,3.06,JR,A,15,2.96,17
64341901,Tristan,Hogan,M,2.6,FY,E,0,0,2
36227985,Josie,Hanna,F,2.74,FY,C,0,0,2
99350190,Zachary,Larson,M,2.77,FY,C,0,0,5
93051300,Adriel,Baldwin,M,2.75,JR,C,12,2.64,17
89686100,Matthew,Rosales,M,2.6,SO,A,5,2.24,9
83774677,Juliet,Whitaker,F,2.89,SR,E,19,2.16,25
67542183,Chloe,Rivas,F,3.84,JR,C,13,3.66,16
83589935,Michael,Golden,M,3.01,SO,A,4,2,6
61447148,Juliet,Higgins,F,3.45,SR,A,21,2.85,24
39096016,Rowan,Miller,M,2.97,FY,B,0,0,4
94462284,Valerie,Mckee,F,3.24,SO,D,4,2.37,7
66188451,Nicolas,Barnes,M,3.48,SR,C,16,1.92,20
55059977,Noelle,Rice,F,3.77,FY,A,0,0,3
87787174,John,Michael,M,3.59,SR,B,17,3.12,26
34580439,Maria,Dean,F,2.87,FY,B,0,0,1
82352663,Preston,Walton,M,3.22,JR,C,13,3.64,16
74416533,Ryleigh,Bender,F,3.26,FY,C,0,0,5
13368533,Finley,Elliott,M,2.81,SR,E,22,2.64,24
21739009,Preston,Holt,M,3.04,SO,E,4,2.67,9
87786019,Josephine,Preston,F,3.36,JR,E,15,2.62,19
74865558,Paige,Cameron,F,3.99,JR,A,13,3.65,17
23842240,Annabelle,Bowman,F,3.83,SR,E,17,3.81,26
32327133,Beau,Dejesus,M,3.99,SR,E,18,3.31,25
58174843,Nolan,Allen,M,2.63,SO,D,5,3.68,9
41301549,Hadley,Figueroa,F,2.65,JR,B,14,3.04,18
82063496,Emersyn,Russo,F,3.86,SO,B,4,3.57,6
84692920,Jocelyn,Farmer,F,2.69,SO,B,5,2.33,8
35660762,Aubree,Villanueva,F,3.19,SO,A,4,3.37,7
18264367,Amari,Bonilla,M,3.29,SR,C,17,3.18,23
68186459,Erick,Conway,M,2.5,SO,E,4,1.79,7
67147897,Kimberly,Smith,F,2.94,JR,D,13,2.83,18
67723233,Dakota,Pennington,F,2.95,FY,D,0,0,5
76830473,Ian,Moss,M,3.24,JR,B,14,2.58,16
67720159,Cecilia,Blanchard,F,3.99,FY,C,0,0,3
81604348,Jesus,Lowery,M,3.3,SO,C,4,2.36,8
68045458,Kaylee,Phelps,F,3,FY,E,0,0,2
76996869,Ada,Anderson,F,3.73,JR,C,12,3.26,13
76635906,Charlie,Lowery,F,3.05,SR,B,16,2.2,22
24456590,Ivy,Dorsey,F,2.65,JR,A,13,1.89,13
23375814,Legend,Miller,M,3.57,SR,C,17,2.47,23
84209197,Natalie,Lynn,F,2.7,SR,A,23,2.62,28
42187188,Arthur,Corona,M,3.66,SO,C,5,2.58,9
75198382,Hannah,Arroyo,F,2.56,JR,C,12,2.32,17
83837604,Sydney,Sawyer,F,3.83,FY,A,0,0,4
75792203,Finn,Macias,M,3.61,FY,A,0,0,4
45093649,Hayden,Leach,M,3.2,SR,A,24,2.13,29
53154488,Arianna,Peterson,F,2.78,SR,C,18,2.26,24
62077002,Tobias,Vazquez,M,3.24,JR,E,12,2.41,15
81113446,Harmony,Mullen,F,3.26,FY,C,0,0,5
78706621,Amaya,Turner,F,3.52,JR,A,15,3.66,18
49765729,Elliot,Merritt,M,3.93,SO,A,5,3.68,10
53379507,Camille,Logan,F,3.81,SR,C,21,3.79,25
62698950,Alexandria,Jacobson,F,3.72,SR,C,22,3.72,27
24258309,Kennedy,Nielsen,F,3.35,SO,D,4,3.04,8
12406326,Samuel,Velez,M,3.16,FY,A,0,0,1
98650313,Kayla,Herman,F,2.94,JR,C,13,2.22,17
81650256,Angelina,Dodson,F,3.1,JR,C,13,2.97,15
25669112,Chase,Acevedo,M,2.79,JR,C,12,2.59,14
17913381,Giselle,Avery,F,3.45,FY,A,0,0,4
45303216,Genesis,Christensen,F,2.67,JR,B,13,3.39,17
77514444,Lilly,Contreras,F,3.33,FY,A,0,0,5
83169955,Ryder,Gill,M,2.76,SO,A,4,2.4,8
32720573,Sophie,Banks,F,3.23,SR,C,19,3.21,28
91645042,Ruth,Alvarado,F,2.65,SO,B,4,2.82,4
63410378,Rafael,Russo,M,3.89,JR,D,12,3.95,15
65517416,Eliana,Marin,F,2.62,JR,E,12,2.59,17
32773340,Alexis,Zamora,F,3.18,FY,E,0,0,3
41553244,Axel,Sutton,M,3.3,JR,B,13,2.48,13
94632877,Amina,Nixon,F,3.48,SR,A,19,3.11,27
81500456,Eli,Bauer,M,2.65,SO,C,4,2.75,9
76105522,Nyla,Mathis,F,2.8,JR,E,14,2.78,17
98884292,Valentina,Bishop,F,2.67,SR,A,17,1.88,24
85793518,Michael,Hurst,M,3.42,FY,E,0,0,2
14188798,Asher,Delarosa,M,2.56,FY,A,0,0,5
61940627,Mateo,Willis,M,2.55,FY,A,0,0,2
79849886,Kate,Watkins,F,3.43,SR,D,20,2.59,22
93752534,Avery,Noble,F,2.78,JR,D,13,3.05,14
49379166,Camden,Mcdaniel,M,3.14,JR,A,13,3.71,18
71392771,Bryan,Nava,M,2.65,FY,C,0,0,4
89040280,Mason,Blankenship,M,2.56,FY,B,0,0,4
17453007,Michelle,Marshall,F,3.94,FY,D,0,0,4
67120394,Zion,Levy,M,2.97,JR,E,12,2.81,13
45435349,Brianna,Lowe,F,3.77,FY,B,0,0,2
99365863,Rosalie,Ibarra,F,3.36,FY,A,0,0,0
51622556,Adam,Meadows,M,3.93,SO,A,4,1.82,7
62351950,King,Ryan,M,3.16,FY,E,0,0,2
64760768,August,Weber,M,3.32,FY,E,0,0,2
62983148,Athena,Huber,F,3.38,SO,C,4,1.97,8
94631563,Emerson,Hamilton,F,3.45,SR,A,18,2.38,25
94890698,Daleyza,Valencia,F,3.07,SO,E,4,2.66,8
59618420,Reagan,George,F,3.68,SR,C,19,3.46,24
76360470,Khloe,Ventura,F,3.43,JR,C,14,3.7,17
25357160,Eden,Chen,F,3.13,SO,D,4,2.84,9
82844843,Beckett,Case,M,2.93,JR,E,12,2.28,17
62904947,Paxton,Costa,M,3.29,SO,C,5,2.85,8
56213113,Declan,Garrison,M,3.21,JR,A,14,2.78,19
51268615,Lucia,Perkins,F,3.43,FY,D,0,0,3
79288812,Jude,Browning,M,3.02,JR,E,14,2.9,16
16224685,Kevin,Maddox,M,2.92,FY,E,0,0,5
58076539,Cayden,Cortes,M,2.84,FY,C,0,0,3
65078045,Emery,Padilla,F,3.68,SO,B,4,2.58,7
86883319,Allison,Owen,F,3.95,JR,C,13,3.41,16
94255739,Isabella,Ramos,F,3.65,SO,C,5,2.02,9
76897879,Enzo,Mata,M,3.19,SO,A,4,3.3,6
25960411,Lane,Andersen,M,3.21,FY,C,0,0,3
39531158,Hailey,Nunez,F,3.28,FY,D,0,0,2
78652125,Henry,Wood,M,2.87,SR,A,21,2.68,22
14446804,Adalyn,Massey,F,3.55,FY,C,0,0,3
44326384,Trinity,Osborne,F,3.1,FY,E,0,0,1
96723013,Paul,Jackson,M,3.33,SR,E,21,3.3,24
18660673,Violet,Wang,F,3.66,SO,E,4,3.68,7
73366877,Ian,Wright,M,3.34,FY,A,0,0,2
13332718,Hadley,Doyle,F,2.97,SR,A,18,2.3,23
79543979,Brooklyn,Estrada,F,3.75,SR,D,24,3.35,28
53473867,Adalynn,Cameron,F,3.23,FY,E,0,0,2
38090032,Leia,Glenn,F,3.01,SR,C,22,3.98,27
91247224,Amir,Patterson,M,3.82,SR,A,18,3.8,25
63325429,Summer,Ashley,F,3.82,FY,D,0,0,4
86190468,Leilani,Cantrell,F,3.77,SR,E,21,1.9,25
29440323,Catherine,Wheeler,F,3.68,JR,E,15,2.48,20
61239562,Lorenzo,Hale,M,3.29,FY,C,0,0,5
64216487,Eliana,Ahmed,F,3.61,JR,A,14,2.62,18
21458696,Hudson,Sharp,M,3.59,FY,C,0,0,2
58678307,Corbin,Flowers,M,3.18,FY,C,0,0,3
89355269,Leia,Mosley,F,3.01,FY,D,0,0,3
21947119,Miles,Franklin,M,2.64,JR,C,12,2.41,12
88363252,Barrett,Mccarthy,M,2.55,JR,E,13,2.49,17
42375470,Nyla,Reed,F,3.42,SO,C,4,2.74,6
18575719,Skylar,Santos,F,3.35,JR,C,13,3.37,14
37451271,Enzo,Bass,M,2.56,FY,C,0,0,3
56222234,Daxton,Madden,M,2.75,JR,D,12,2.8,16
45873295,Ava,Mcbride,F,3.46,SO,A,4,3.3,7
73312827,Emily,Cuevas,F,2.92,FY,C,0,0,4
68396565,Leonardo,Reeves,M,3.43,FY,D,0,0,2
82161852,Mason,Hammond,M,3.3,SO,C,4,2.71,7
31236001,Isabel,Navarro,F,3.78,SR,A,21,3.78,26
42548143,Zion,Beck,M,3.07,FY,A,0,0,2
73335286,Griffin,Rivas,M,2.75,SR,C,17,3.1,24
78475012,Lucille,Brandt,F,3.19,SR,D,22,3.92,27
24836599,Arianna,Yang,F,2.55,SR,E,16,3.82,22
91019573,Freya,Stephenson,F,3.7,SR,A,17,2.94,23
89130387,Amir,Mayo,M,3.71,FY,C,0,0,2
62403041,Wyatt,York,M,3.17,FY,C,0,0,2
12037534,Kaiden,Short,M,3.29,JR,B,13,3.19,16
87982647,Fiona,Esparza,F,3.17,SR,A,16,2.13,22
27432428,Daniela,Wilson,F,3.49,FY,B,0,0,2
38254686,Grace,Silva,F,3.44,SR,A,21,3.54,23
66276647,Jasmine,Ware,F,3.25,JR,A,12,3.13,14
92545952,Raegan,Nichols,F,3.56,FY,C,0,0,3
24372502,Declan,Campos,M,2.91,JR,C,14,2.84,19
82297915,Ada,Aguirre,F,3.97,SO,C,4,1.83,6
56222520,Madelyn,Castro,F,3.7,SR,C,16,3.6,22
95634383,Olivia,Petersen,F,3.53,SR,C,16,3.05,25
73179648,Vivian,Hawkins,F,3.27,JR,C,12,2.55,15
34823857,Jayce,Orr,M,2.65,FY,C,0,0,5
37500466,Charlie,Lloyd,F,3.48,SR,D,19,2.97,27
76687296,Thea,Trujillo,F,3.32,SO,C,4,3.9,7
79274755,Marley,Golden,F,3.07,FY,C,0,0,4
91078271,Malia,Keller,F,2.9,FY,A,0,0,1
14094114,Ruth,Jacobson,F,2.79,SO,A,4,1.98,7
24046360,Elsie,Calderon,F,3.75,SO,D,4,2.24,4
81638630,Anastasia,Rowland,F,3,SO,C,5,2.78,10
29556095,Giovanni,Hartman,M,3.98,SO,A,5,3.77,7
34442890,Zoe,Davila,F,2.97,SR,C,19,2.92,26
77837934,Antonio,Richard,M,2.85,JR,C,14,2.68,17
73799058,Lorenzo,Campos,M,3.21,SO,C,4,2.23,9
43733483,Ayla,Levy,F,3.94,SO,A,4,3.48,8
54093748,Aspen,Russo,F,3.58,JR,C,13,3.89,14
57183437,Lilly,Casey,F,3.18,FY,A,0,0,5
19674591,Ella,Rosario,F,3.41,SO,C,5,3.27,7
87347371,Bryson,Dougherty,M,3.36,SO,D,4,2.7,4
22799657,Serenity,Mora,F,3.54,SO,B,4,2.89,9
45257355,Adrian,Mcgee,M,2.54,SR,C,20,2.18,25
76761356,Nicolas,Stuart,M,2.76,SO,B,5,3.35,9
75751707,Eden,Weeks,F,3.79,SO,B,4,2.95,4
93561198,Abigail,Mitchell,F,3.56,JR,E,13,2.96,16
22059724,Sienna,Calhoun,F,2.95,SO,E,4,3.66,9
99334086,Madelyn,Ponce,F,3.19,SR,C,22,3.19,24
88603651,Owen,Hartman,M,3.64,JR,E,14,2.48,15
37781419,Owen,Ibarra,M,3.27,SR,C,20,1.99,24
16380860,Sawyer,Robinson,F,2.94,SO,A,4,2.97,7
53680640,Jeremy,Dillon,M,3.07,FY,E,0,0,5
23854756,Ellie,Cohen,F,3.73,SR,C,21,3.68,24
43655471,Blake,Mckay,M,3.46,FY,C,0,0,5
63603808,Bradley,Hancock,M,2.75,JR,E,12,2.04,15
76403485,Amari,Guzman,M,3.47,FY,A,0,0,2
95177200,Julian,Hicks,M,3.23,SR,A,17,2.05,25
16595056,Jade,Hill,F,3.27,FY,D,0,0,2
96796383,Brayden,Brewer,M,3.08,SO,D,4,2.13,9
93116274,Legend,Griffin,M,2.79,SR,C,22,2.36,27
89109631,Ace,Portillo,M,3.73,SR,A,21,3.73,23
13281816,Ezra,Barber,M,3.6,JR,E,13,2.66,18
36311047,Kaleb,Mcguire,M,2.63,SR,C,21,2.83,23
36308587,Alivia,Horton,F,3.64,JR,A,14,3.5,16
96509668,Bryce,Stanley,M,3.81,SO,E,5,2.57,10
28534128,Molly,Proctor,F,3.2,SR,E,22,2.83,26
17252550,Amelia,Kaur,F,3.52,JR,A,13,3.19,18
25551824,David,Pope,M,2.66,JR,E,14,2.56,18
51277395,Eliana,Hendrix,F,3.45,SO,E,4,3.04,8
16141649,Sawyer,Marks,M,3.3,FY,D,0,0,3
72528535,Lydia,Montoya,F,3.26,SO,C,4,2.15,6
81359114,Nicholas,Romero,M,3.73,SR,E,16,3.38,24
77398576,Lila,Saunders,F,3.8,JR,A,16,3.58,18
78389371,Lane,Wagner,M,3.69,FY,C,0,0,5
76019297,Logan,Randolph,M,2.54,SO,C,4,3.14,9
44904150,Bentley,Gilmore,M,3.47,SO,A,5,3.09,10
68970693,Michael,Solis,M,2.88,JR,E,12,3.18,17
46000767,Morgan,Moss,F,3.72,SR,A,17,3.71,24
79850523,Ryan,Ayers,M,2.62,FY,A,0,0,5
12544537,Kendall,Buchanan,F,3.39,FY,E,0,0,2
79851029,Ryder,Walsh,M,2.69,SO,D,4,2.47,9
28054922,Emilia,Gillespie,F,3.7,SR,B,22,3.76,25
82338268,Parker,Atkinson,M,3.46,SO,E,4,3.4,9
45777694,Emiliano,Duke,M,3.73,JR,B,12,2.75,17
97860965,Brayden,Sloan,M,3.67,SO,A,4,3.67,9
47060067,Mackenzie,Cunningham,F,3.34,SR,E,17,3.21,23
62850446,Julia,Acosta,F,3.71,SR,C,18,2.65,24
99708001,Abel,Thornton,M,2.78,SO,A,4,3.32,6
43027094,Charlie,Bradshaw,M,3.03,FY,B,0,0,2
61867776,Josie,Clark,F,3.47,FY,E,0,0,2
21830463,Iker,Novak,M,3.23,FY,B,0,0,1
68649803,Liam,Robinson,M,3.59,FY,E,0,0,3
41821248,Rachel,Villa,F,2.74,SO,B,4,2.04,6
41584237,Autumn,Schneider,F,3.59,JR,C,13,3.41,15
61522397,Hazel,Mullen,F,2.62,JR,C,12,2.22,12
61353675,Kayden,Graham,M,3.85,JR,E,12,3.54,16
52160290,Orion,Randolph,M,3.1,SO,D,4,3.54,9
73528118,Emerson,Mcguire,F,3.73,FY,A,0,0,5
82231192,Daniel,Christensen,M,3.65,FY,C,0,0,4
77807561,Kennedy,Guerrero,F,3.22,SR,B,17,2.38,24
43600394,Bryson,Barr,M,3.52,FY,E,0,0,2
43087831,Isaac,Powers,M,3.31,SR,C,18,3.41,27
31503058,Lauren,Knight,F,3.08,SR,C,17,3.66,25
66827652,Elliott,Choi,M,3.07,JR,C,14,3.22,16
49794011,Emiliano,Cline,M,3.55,FY,A,0,0,2
25811702,Liliana,Leonard,F,2.78,JR,C,12,2.73,15
52161331,Luke,Ibarra,M,3.68,JR,C,12,2.25,16
19960279,Esther,Oneal,F,3.18,SR,B,18,2.26,24
63708262,Rosalie,Duran,F,3.24,SO,A,4,3.16,7
14765863,Hannah,Lopez,F,2.95,SR,D,17,3.15,26
55322479,Julianna,Michael,F,3.63,JR,A,13,3.59,15
98662375,Aaron,Terrell,M,3.54,SO,D,5,2.79,9
78775619,Sloane,Hess,F,3.96,SO,E,4,3.84,6
91203888,Zander,Dickson,M,3.09,SO,C,4,3,4
98294276,Mila,Everett,F,3.39,JR,B,12,2.4,15
24097283,King,Gray,M,3.16,SR,A,17,2.64,24
55040897,Benjamin,Livingston,M,3.68,JR,E,12,3.5,17
51865163,Cecilia,Walton,F,3.55,SR,D,22,3.89,25
37906901,Valentina,Mcmahon,F,2.71,SR,C,25,3.55,30
74117094,Maya,Ward,F,3.76,SR,E,17,3.81,26
89521899,Chance,Christensen,M,2.84,FY,A,0,0,3
57942991,Emily,Graham,F,3.76,SR,C,22,2.94,24
54680113,Waylon,Bond,M,3.38,JR,D,12,2.94,16
79240441,Corbin,Compton,M,2.97,SO,E,4,3.12,7
42051592,Kyle,Martin,M,3.54,FY,C,0,0,5
35106303,Luca,Nash,M,3.24,FY,E,0,0,4
59079462,Delilah,Bishop,F,3.19,SR,A,21,2.77,25
17587448,Theodore,Woodard,M,3.05,JR,A,13,2.55,15
45348741,Ava,Craig,F,3.3,FY,C,0,0,3
89992773,Lucille,Gentry,F,3.03,SR,C,19,2.79,25
93562695,Aubrey,Frazier,F,2.58,FY,E,0,0,4
93226248,Brynlee,Mason,F,3.5,FY,A,0,0,2
55817649,Victor,Baxter,M,3.14,FY,A,0,0,1
51554283,Madeline,Robbins,F,3.8,SR,B,18,2.28,24
18830083,Faith,Strickland,F,3.35,SR,C,18,2.03,27
24778818,Serenity,Cherry,F,3.13,FY,E,0,0,4
77885215,Mariah,Mendoza,F,3.11,SO,B,4,2.99,8
13982213,Reese,Love,F,2.86,FY,E,0,0,5
63580720,Anna,Waters,F,3.77,FY,C,0,0,2
72856982,Adalynn,Graves,F,2.74,JR,A,12,2.75,17
24697589,Aubree,Villarreal,F,3.41,FY,C,0,0,5
14530936,Rylan,Beasley,M,3.52,FY,D,0,0,1
74826270,Emma,Carter,F,2.98,JR,A,14,3.23,19
43012651,Emery,Bravo,F,3.48,JR,B,14,2.04,15
57260364,Cali,Rhodes,F,3.8,SO,D,4,2.35,9
22560379,Ana,Morgan,F,2.5,FY,C,0,0,0
88154965,Hailey,Gilmore,F,3.13,JR,E,13,3.19,18
48206718,Charlee,Pratt,F,3.34,FY,D,0,0,2
38134123,Brooklyn,Avila,F,3.99,JR,D,13,2.9,17
12640465,Sienna,Mccullough,F,3.11,JR,E,12,1.84,14
38150563,Natalie,Phillips,F,3.39,SR,B,17,3.34,22
92526811,Harrison,Enriquez,M,2.59,SO,D,4,2.98,6
79367946,Xander,Stevenson,M,3.01,SR,E,18,3.47,27
68110244,Paisley,Fitzpatrick,F,2.8,SO,A,5,2.09,10
96155392,Hayden,Olsen,F,3.49,FY,C,0,0,4
79025009,Christopher,Harrell,M,3.7,JR,E,14,3.81,19
73944890,Nash,Barnett,M,3.38,SR,D,18,2.15,27
23218920,Ezekiel,Mullins,M,3.25,SR,C,23,3.3,28
59216094,Aurora,Whitehead,F,3.46,SR,A,18,2.1,25
62250287,Mariah,Logan,F,3.34,SR,B,22,2.34,25
42588898,Jorge,Hart,M,3.5,JR,A,13,2.96,17
62580581,Samantha,Nolan,F,3.54,SO,A,4,3.51,9
47299751,Raegan,Rowland,F,3.28,SR,A,18,2.05,23
14344299,Holden,Pitts,M,3.07,JR,C,15,3.03,18
33102688,Elias,Gonzales,M,2.67,JR,C,13,2.62,14
45260095,Wyatt,Lowery,M,3.24,JR,D,12,3.89,16
15053374,Mason,Rivers,M,3.3,SR,D,23,3.42,28
88507961,Lola,Decker,F,3.11,FY,B,0,0,2
44861820,Lilah,Wells,F,2.76,SO,E,5,3.35,8
58989316,Madelyn,Rodgers,F,2.85,SO,B,4,2.61,7
72733767,Beau,Mckee,M,2.58,JR,C,14,2.41,18
73245514,Laila,Everett,F,3.63,JR,D,13,3.04,17
94212349,Oscar,Roth,M,3.62,FY,C,0,0,5
13181673,Bryce,Woodward,M,3.22,FY,C,0,0,3
58906760,Charlee,Baxter,F,3.82,SR,E,23,2.61,28
76509692,Stephen,Wagner,M,2.95,SR,B,20,2.54,22
49310527,Gracie,Henderson,F,3.84,FY,A,0,0,2
53957445,Finley,Fernandez,M,3.6,SR,E,17,2.02,21
68502502,Brielle,Stanton,F,3.94,FY,D,0,0,0
77998055,Holden,Barajas,M,3.62,SO,A,4,3.21,6
55374441,Alice,Ruiz,F,2.59,FY,A,0,0,0
39020181,Myla,Hartman,F,2.6,JR,A,15,1.7,15
35357494,Rowan,Dixon,F,3.53,FY,C,0,0,2
25091549,Addison,Owen,F,2.59,SR,A,19,2.78,27
11463584,Waylon,Leonard,M,2.59,JR,C,13,2.78,17
52360195,Nevaeh,Silva,F,3.91,SO,C,4,3.89,8
11527923,Brody,Melton,M,3.41,SR,C,16,2.32,24
13278082,Ruby,Dalton,F,3.12,SO,C,4,1.93,9
49784837,Isabelle,Mcmahon,F,3.72,JR,B,15,3.04,18
59134106,Dallas,Contreras,M,3.05,JR,C,13,3.91,17
63570736,Jose,Parrish,M,2.96,SR,A,16,2.93,23
91844669,Layla,Manning,F,3.23,FY,B,0,0,4
27872933,Mary,Turner,F,2.71,SR,A,18,3.57,26
65492098,Elliott,Rubio,M,2.76,SO,C,4,2.62,9
59692756,Benjamin,Ho,M,3,FY,E,0,0,2
53207003,Elizabeth,Savage,F,2.87,JR,A,13,2.99,17
85462303,Brady,Reynolds,M,3.87,FY,A,0,0,4
62367227,Kaden,Mcmillan,M,3.01,SR,C,24,3.76,27
76625549,Colt,Cantu,M,3.62,SR,A,23,3.16,28
29261246,Juliana,Ali,F,2.79,SO,B,4,3.37,9
65204351,Kylie,Rich,F,3.77,SO,C,4,3.05,8
77331907,Gianna,Palmer,F,2.88,JR,E,12,2.72,15
88190129,Tucker,Boyle,M,3.07,SO,E,4,2.66,7
71446242,Remington,Durham,M,3.16,SR,D,18,3.38,26
66824831,Colin,Lynn,M,3.16,SR,C,18,3.72,27
94094522,Iris,Graham,F,3.95,FY,E,0,0,5
84867505,Cash,Bruce,M,2.58,FY,C,0,0,3
13969645,Camden,Nguyen,M,2.67,FY,A,0,0,1
96366801,Camden,Mccormick,M,3.19,SO,A,4,3.12,6
21288667,Jonathan,Leach,M,3.6,SO,C,4,2.63,8
21756839,Harper,Shaffer,F,2.72,JR,A,14,2.46,15
76575906,Miles,Thornton,M,3.7,JR,E,14,2.53,18
17765295,Reagan,Callahan,F,2.95,SO,C,4,2.82,6
59848086,Braxton,Tanner,M,3.52,SO,C,5,2.29,5
86061916,Charles,Brooks,M,3.1,JR,A,13,3.83,17
36106769,Genevieve,Nunez,F,3.37,JR,C,13,2.78,17
56936451,Adaline,Boyer,F,3.91,SO,D,4,2.43,6
19779286,Samuel,Bradford,M,3.26,FY,C,0,0,5
46665494,Madelyn,Guzman,F,3.85,FY,A,0,0,3
91901378,George,Rivera,M,2.83,FY,E,0,0,3
78670645,Molly,Tyler,F,3.39,SO,C,4,3.18,8
75576632,Avery,Vincent,M,2.65,FY,A,0,0,2
33359060,Levi,Felix,M,2.91,FY,C,0,0,3
54833689,Tyler,Rush,M,3.27,SR,C,21,3.31,26
88850190,Kimberly,Fisher,F,3.36,SO,B,4,2.97,8
41819357,Callie,Herring,F,2.88,SO,C,4,2.8,7
53789981,Chloe,Olson,F,3.35,SR,A,16,3.52,22
84570274,John,Tanner,M,2.63,SR,C,20,2.64,27
39083997,Daniela,Alfaro,F,2.79,SR,C,20,3.3,24
44389673,Bentley,Shannon,M,2.66,FY,E,0,0,2
29444060,Chloe,George,F,3.32,FY,A,0,0,5
26572790,Eleanor,Salazar,F,3.62,JR,B,12,3.62,17
15936111,Emilio,Beck,M,3.36,JR,D,13,3.14,15
15141970,Morgan,Cobb,F,3.31,FY,A,0,0,1
49650556,Kaleb,Hansen,M,3.96,JR,D,13,3.4,17
35012117,Molly,Vargas,F,3.21,SR,E,18,3.91,26
85322116,Asher,White,M,3.16,SR,C,18,2.21,25
21200644,Evelyn,Nava,F,3.44,JR,C,14,3.29,17
42660584,Jax,Miranda,M,3.09,SO,A,4,2.85,9
46994305,Isabella,Galvan,F,3.61,FY,C,0,0,5
29646933,Nyla,Nicholson,F,2.72,SO,B,4,2.71,9
44266969,Orion,Barnett,M,2.66,JR,D,13,2.83,14
55396173,Ruby,Dennis,F,3.82,SR,B,23,3.85,28
91764808,Juniper,Hunter,F,2.72,SO,C,4,2.99,8
78127739,Willow,Clements,F,3.24,FY,A,0,0,4
15366894,Tobias,Giles,M,2.78,JR,E,13,2.12,18
95786585,Trinity,Farmer,F,3.15,FY,A,0,0,3
14772246,Lucy,Knapp,F,2.67,SR,B,17,2.7,26
87807641,Paul,Savage,M,3.37,SR,C,17,3.51,26
55038318,Mateo,Patrick,M,3.72,SO,A,4,3.82,7
45067470,Logan,Alfaro,M,3.47,SR,B,16,2.31,22
76761274,Ana,Shelton,F,3.61,SR,E,22,3.94,26
13624788,Lauren,Fitzgerald,F,3.65,FY,C,0,0,3
99884762,Elizabeth,Mullins,F,3.29,SR,C,17,3.71,26
78946004,Aria,Cochran,F,3.57,SO,D,4,3.45,6
93457076,Londyn,Campbell,F,3.62,SO,D,4,1.7,5
93667163,Griffin,Lin,M,2.8,SO,D,5,2.7,5
12955415,Hazel,Shepherd,F,3.1,SR,C,18,3.76,26
37466390,Ryan,Curry,M,2.6,SO,B,5,2.35,8
38899350,Myla,Friedman,F,3.57,SO,A,5,3.6,9
81342716,Sawyer,Black,F,3.14,SR,C,16,3.37,25
86061276,Isaac,Booker,M,3.33,SO,C,5,2.44,5
11070272,Milo,Logan,M,3.04,JR,E,13,3.6,14
24090117,Malachi,Terry,M,3.4,SO,A,6,2.89,11
68896728,Roman,Bean,M,3.37,FY,A,0,0,5
47488595,Cecilia,Blevins,F,3.85,SR,C,21,2.98,26
68882630,Walker,Noble,M,3.1,SO,E,4,2.77,8
43796694,Nicole,Poole,F,2.69,SR,C,19,3.41,27
54980169,Diana,Schmitt,F,3.11,JR,A,12,2.88,12
25006408,Alana,Alfaro,F,3.74,SO,A,4,3.77,7
33504213,Emerson,Ruiz,F,2.79,JR,A,13,2.3,18
54437130,Kate,Gonzalez,F,3.92,SR,E,20,2.9,22
35002870,Damien,Clements,M,3.85,SO,C,4,3.64,7
66092959,Emma,Hill,F,3.26,SR,B,20,2.75,23
67962894,Jace,Ferguson,M,3.07,SR,E,24,2.97,29
48467092,Kai,Short,M,3.07,FY,C,0,0,2
52520034,Ximena,Burgess,F,2.95,JR,A,14,2.59,18
82542092,Zara,Guerra,F,3.55,SO,D,4,3.76,8
24318339,Kenneth,Carrillo,M,3.01,SO,A,4,2.76,8
79448320,Valentina,Vega,F,3.48,FY,A,0,0,4
27133429,Mark,Shepard,M,2.84,SR,C,24,2.68,26
88466028,Eliana,Noble,F,2.99,FY,C,0,0,2
35655356,Micah,Trejo,M,3.47,JR,B,16,2.8,18
24791943,Catalina,Flynn,F,3.77,SO,E,4,3.71,5
67178833,Jose,Pollard,M,3.27,SR,C,22,3.17,23
32802568,Gracie,Benton,F,3.83,FY,D,0,0,5
79586941,Madelyn,Saunders,F,3.17,SR,E,21,3.14,26
12763196,Josephine,Sullivan,F,3.97,FY,B,0,0,3
45101803,Hazel,Sellers,F,2.59,FY,A,0,0,2
65919346,Bradley,Mann,M,3.01,JR,A,14,3.21,17
27435368,Aidan,Landry,M,3.52,SO,B,4,3.22,5
62586301,River,Adkins,M,3.22,SO,D,4,1.74,7
96602871,Stella,Sheppard,F,3.61,SO,A,4,3.63,6
66602139,Hope,Ramirez,F,2.89,JR,A,13,2.64,18
71106187,Esther,Simon,F,3.68,JR,D,13,2.45,18
76317782,Savannah,Arellano,F,3.77,JR,E,12,3.65,15
77450917,Georgia,Crane,F,3.3,FY,B,0,0,0
83770404,Jade,Little,F,3.33,SR,C,23,2.66,26
41755093,Ethan,Gordon,M,2.53,SO,A,4,2.01,6
96385708,Arya,Gould,F,2.84,SR,E,24,2.23,25
75529461,Theodore,Enriquez,M,3.1,FY,E,0,0,0
52677184,Delilah,Cross,F,3.39,SO,B,4,3.16,7
74892962,Blake,Weaver,M,3.75,FY,A,0,0,4
25378813,Grant,Hunter,M,3.98,JR,D,13,3.13,16
78096710,Lane,Ferguson,M,3.31,SO,B,4,2.23,5
64628207,Eric,Casey,M,3.18,JR,E,14,3.29,18
68161550,Selena,Rowe,F,3.44,JR,E,12,3.39,17
92040975,Makayla,Lambert,F,3.56,JR,C,12,3.5,15
54013066,Mya,Whitaker,F,3.15,SO,C,4,3.21,9
57896317,Cora,Donaldson,F,3.78,SR,A,18,3.7,27
88024367,Jonathan,Hunt,M,3.5,SO,E,4,2.2,7
55876288,Chloe,Schroeder,F,3.36,SO,E,4,3.72,6
96561542,Allison,Woodward,F,2.64,SR,C,16,2.61,22
22131101,Leo,Salazar,M,3.6,SO,C,4,3.37,4
13605573,Roman,Fowler,M,3.38,FY,C,0,0,3
94348917,Parker,Dodson,F,2.5,SR,E,19,3.82,28
33593767,Catalina,Cross,F,3.49,JR,C,14,3.58,18
66529636,Blakely,Rose,F,2.74,SR,E,18,3.52,24
88958198,Camille,Rasmussen,F,2.86,SO,E,4,2.83,8
78151432,Alexandra,Lugo,F,3.68,SR,D,17,3.96,23
37051379,Christian,Reeves,M,3.13,FY,C,0,0,5
31572778,Vera,Robinson,F,3.26,JR,A,14,3.08,17
61783154,Lincoln,Stanton,M,3.74,SR,A,19,3.62,25
49879823,Zuri,Phelps,F,3.03,SR,B,18,2.04,24
12107152,Sadie,Bradley,F,3.41,SO,E,5,2.71,8
62175887,Maria,Shaffer,F,2.88,SR,A,22,2.23,26
67169353,Elijah,Avila,M,3.59,JR,C,13,3.77,15
39130074,Jayla,Ventura,F,3.15,JR,B,13,3.51,17
81374505,Ryker,Gallagher,M,3.15,FY,A,0,0,5
41708089,River,Nicholson,F,3.47,FY,B,0,0,4
67111880,Miles,Shah,M,3,FY,C,0,0,0
36296848,Trinity,Villalobos,F,3.36,SO,D,4,2.23,6
87877726,Leilani,Durham,F,3.02,JR,B,13,1.81,15
62817897,Jeremy,Harding,M,3.55,JR,D,14,2.22,18
68878408,Santiago,Rice,M,3.39,SO,E,4,3.25,5
58887331,Anastasia,Chang,F,3.17,SO,E,5,3.07,7
81799295,Vanessa,Trujillo,F,3.14,SR,B,19,2.78,24
55040420,Alex,Hogan,M,3.64,JR,A,12,3,16
61216608,Isla,Vu,F,3.6,FY,D,0,0,4
99262936,Ayden,Chapman,M,2.61,JR,D,12,3.72,14
62577279,George,Yates,M,3.74,FY,C,0,0,3
47270718,Lydia,Shields,F,3.13,SO,D,4,2.78,6
11300443,Naomi,Lane,F,2.65,JR,A,12,2.4,12
93235168,Kaiden,Butler,M,2.53,SR,D,21,2.69,23
21016339,Mckenna,Xiong,F,2.97,FY,B,0,0,3
65061087,Walter,Munoz,M,2.71,JR,C,13,2.85,16
87461029,Lane,Mcpherson,M,3.21,SO,E,6,2.69,11
95228139,Daleyza,Parrish,F,3.76,SR,B,24,3.69,26
84614520,Natalia,Liu,F,3.1,JR,B,14,2.85,16
25683889,Justin,Mcfarland,M,3.55,FY,D,0,0,4
41782310,Amara,Watts,F,3.25,SO,E,4,2.95,6
42399172,Caden,Thomas,M,3.84,SR,C,24,3.8,26
98524705,Mariana,Savage,F,3.49,FY,A,0,0,3
52450952,Isabella,Vargas,F,2.91,JR,A,14,3.23,19
57039991,Alexandra,Benjamin,F,3.58,JR,A,13,2.03,17
46665407,Ryker,Hammond,M,2.98,SO,D,5,2.9,8
94539986,Laila,Hobbs,F,2.6,JR,E,13,2.23,13
16834273,Nevaeh,Lawson,F,3.42,JR,E,12,2.1,14
19691142,Colin,Golden,M,2.91,JR,A,12,3.4,16
69613141,Mariah,Webb,F,2.59,SR,C,16,3.34,25
25631289,Dominic,Davenport,M,3.04,SO,D,5,2.94,9
82017505,Alaina,Oneal,F,2.8,JR,C,13,3.16,18
23281739,Jax,Mccann,M,3.37,JR,A,13,3.69,17
41503504,Miguel,Davenport,M,3.61,JR,D,15,3.79,18
97475971,Eloise,Owens,F,2.83,SO,B,4,2.33,6
18102043,Declan,Combs,M,3.3,SO,B,4,2.05,5
23467688,Kate,Benjamin,F,2.51,SO,D,4,2.4,6
31645468,Ximena,Orr,F,3.74,SO,D,4,3.84,6
28942154,Zander,Ramirez,M,2.89,FY,C,0,0,0
49768349,Bailey,Vega,F,3.89,SO,E,4,3.22,9
54803692,Leila,Cooper,F,3.9,FY,B,0,0,5
55518171,Thomas,Lin,M,3.15,FY,C,0,0,2
99681819,Damian,Hunter,M,2.97,FY,C,0,0,2
13506462,Ava,Miranda,F,3.4,SR,A,23,3.8,28
94452161,Ashley,Hoover,F,3.25,SO,A,4,2.59,6
41309377,Patrick,Dominguez,M,3.94,JR,A,14,3.64,15
83441217,Ryder,Peralta,M,2.85,JR,A,13,2.48,17
39994224,Ellie,Roman,F,2.68,FY,C,0,0,2
65973123,Victoria,Jarvis,F,3.65,SR,A,20,3.54,23
28383310,Adriana,Mendez,F,2.7,JR,B,13,3.4,15
22552708,Aliyah,Guevara,F,3.05,JR,B,13,1.95,15
34159262,Aurora,Nielsen,F,3.65,SO,E,4,3.68,6
26708635,Hope,Ingram,F,3.16,SR,B,16,2.57,21
28861598,Bella,Ali,F,3.84,SO,A,5,3.3,9
37321581,Bradley,Roy,M,2.89,SO,D,4,3.57,6
77525841,Lola,Ryan,F,3.35,JR,D,14,3.28,16
11087006,Isaac,Hart,M,3.85,SR,E,17,3.13,26
63094262,Angelina,Hanna,F,3.74,SR,C,17,2.73,23
52452680,Aliyah,Sawyer,F,2.89,JR,D,15,3.82,16
99478909,Lucy,Bowers,F,3.66,JR,E,15,3.35,16
44664640,Zachary,Pearson,M,3.56,SO,A,4,2.44,7
94069897,Brooklynn,Clements,F,3.59,FY,C,0,0,2
22957343,Beckham,Dunlap,M,3.32,JR,C,13,1.94,15
19295207,Amy,Hernandez,F,3.28,SR,E,18,3.2,27
23835204,Aubrey,House,F,2.69,SR,A,18,1.99,27
49644884,Ember,Armstrong,F,3.58,SO,A,5,2.33,9
21113473,Christian,Barker,M,3.13,JR,A,13,2.03,15
95781489,Aniyah,Thomas,F,3.16,FY,A,0,0,2
16262411,Marley,Kirby,F,3.3,JR,A,15,3.31,19
35484700,Patrick,Vargas,M,3.73,FY,A,0,0,3
92249077,Gael,Morse,M,2.76,SO,E,4,1.99,7
32560559,Ethan,Raymond,M,3.72,FY,E,0,0,4
73287473,Killian,Dorsey,M,3.29,JR,D,13,3.29,18
58221642,Ryker,Goodman,M,2.91,FY,D,0,0,4
91500440,Ella,Calderon,F,2.76,SR,A,18,2.63,23
36972517,Gianna,Shaw,F,3.1,FY,C,0,0,2
64422764,Harmony,Huber,F,2.86,JR,C,12,1.82,15
78556586,Miles,Richmond,M,2.87,JR,E,13,2.31,16
28524661,Faith,Hess,F,2.84,JR,C,13,2.99,17
98172889,Karson,Norman,M,2.82,JR,C,13,3.6,17
65818136,Dean,Crane,M,3.85,SO,E,4,3.75,6
86814482,Anderson,Williamson,M,3.47,SR,D,19,3.08,25
69545151,Owen,Lucas,M,2.81,SR,C,17,3.3,24
14328117,Zoey,Ho,F,3.14,SO,D,4,4,6
76166127,Angel,Ochoa,M,3.26,FY,E,0,0,4
68493939,Adeline,Pierce,F,2.94,FY,A,0,0,0
53338458,Tucker,Mcgee,M,3.48,SO,C,5,2.76,7
37289562,Olive,Benton,F,3.6,SO,D,4,3.67,6
62900919,Xander,Park,M,3.4,FY,C,0,0,4
33095286,Catalina,Villegas,F,3.49,SO,C,5,2.45,9
72318465,Morgan,Arellano,F,2.82,JR,B,13,2.53,18
39650470,Kaylee,Copeland,F,3.46,SO,E,4,3.5,9
37555620,Kaylee,Dorsey,F,2.94,SR,D,18,3.12,24
98408434,Valentina,Odonnell,F,2.92,SR,A,19,2.89,27
14747196,Nash,Browning,M,3.13,SR,D,18,3.88,26
11122625,Everly,Robbins,F,2.93,SR,D,17,3.11,24
33911469,Emily,Mckinney,F,3.99,SO,C,4,3.34,7
66045060,Aniyah,Brennan,F,3.11,FY,B,0,0,2
57022350,Caden,Harvey,M,3.44,SR,C,17,2.25,24
88263829,Taylor,Little,F,3.89,JR,A,14,3.72,17
22342030,Dakota,Leach,F,2.69,SO,C,4,3.93,9
17401671,Elsie,Galindo,F,3.17,SR,C,24,3.61,27
48017791,Charlie,Jones,M,2.99,SO,C,5,3.52,7
85350899,Lia,Mcgee,F,3.9,JR,B,12,3.63,16
24668991,Francisco,Prince,M,2.92,JR,E,13,2.2,17
41106072,Mateo,Preston,M,3.57,FY,E,0,0,3
37058319,Andre,Shaw,M,2.81,SO,D,4,2.58,9
27769592,Adrian,Warren,M,3.77,JR,E,12,3.57,16
14794071,Lukas,Dougherty,M,3.16,JR,C,12,2.93,16
47183055,Aidan,Henson,M,3.34,SR,A,22,3.61,25
25531149,Theodore,Zhang,M,3.32,FY,C,0,0,0
69324664,Adelyn,Leach,F,3.18,FY,A,0,0,0
82171402,Autumn,Rollins,F,3.43,JR,D,15,1.93,16
95640459,Iker,Howard,M,3.58,JR,A,12,3.45,17
92327325,Brooke,Snow,F,3.61,SR,A,18,2.17,26
23611651,Mila,Charles,F,3.56,JR,A,14,2.14,14
93670797,Ivan,Vaughn,M,3.65,SR,C,22,3.29,25
79193090,Madison,Romero,F,3.25,SO,D,5,2.9,7
98937972,Chance,Sampson,M,3.79,SR,E,21,3.69,22
39335368,Abigail,Hensley,F,2.8,FY,B,0,0,5
56700390,Iris,Jackson,F,2.99,SO,A,4,2.67,9
76339474,Zachary,Rubio,M,3.34,FY,B,0,0,2
73479317,Sara,Ward,F,3.63,FY,A,0,0,5
61162266,Valentina,Donaldson,F,3.49,SO,C,4,2.93,6
28009691,Christopher,Blevins,M,2.7,SO,C,5,2.02,5
18145322,Alyssa,Franco,F,3.68,SR,A,22,2.18,25
26772095,John,Huffman,M,2.65,JR,E,13,2.41,16
33299434,Micah,Watkins,M,3.82,JR,D,13,2.93,17
62408533,Atlas,Lyons,M,3.55,JR,E,14,3.25,16
96257884,Kinsley,Salas,F,3.46,JR,D,12,2.66,15
72868412,Rachel,Davila,F,3.32,SR,A,18,3.59,26
16516729,Lily,Gregory,F,2.98,FY,D,0,0,1
94646831,Alexandra,Zavala,F,3.71,SR,B,16,3.88,23
34762126,August,Walters,M,2.57,SR,C,22,2.74,26
77171769,Hazel,Woods,F,3.8,JR,A,12,3.34,13
85551321,Georgia,Benjamin,F,3.45,FY,A,0,0,1
79107351,Maya,Callahan,F,3.94,FY,C,0,0,4
86872909,Hope,Hull,F,3.83,JR,E,12,2.68,15
61043186,Blake,Wolfe,F,2.75,JR,E,14,3.33,17
25279060,Simon,Cherry,M,3.28,SR,E,16,2.82,25
17320982,Phoenix,Herrera,M,3.27,SR,A,20,3.07,22
32542352,Colin,Bartlett,M,3.03,SR,C,21,2.39,26
35889416,Melissa,Swanson,F,3.69,FY,B,0,0,4
41946902,Charlie,Garza,F,3.21,FY,A,0,0,2
75979814,Stella,Russell,F,3.08,JR,C,13,2.11,16
89351837,Remi,Gordon,F,3.5,FY,E,0,0,5
98226527,Everleigh,Glenn,F,3.51,SO,E,4,3.5,7
87699804,Kaylee,Gonzalez,F,2.87,SR,A,17,2.31,26
18619364,Juliana,Kerr,F,3.37,JR,A,14,1.86,14
76795263,Roman,Schultz,M,3.69,FY,C,0,0,2
18146898,Ryleigh,Garcia,F,3.94,SO,C,4,2.87,9
21120404,Lillian,Gregory,F,3.09,SR,E,22,2.18,25
97666802,Sawyer,Abbott,F,3.79,SO,E,5,3.09,10
58388118,Kaiden,Harmon,M,2.98,SO,C,5,2.28,9
58767599,Blakely,Glenn,F,3.47,SO,A,4,2.45,4
31907216,Damian,Hunt,M,2.85,JR,A,12,2.77,17
46122517,James,Mata,M,3.43,SO,C,4,2.19,9
54525150,Thea,Ochoa,F,3.48,SO,E,5,2.44,8
83004683,Amiyah,Williams,F,3.26,JR,D,12,2.21,16
16271424,Marley,Mosley,F,3.73,SR,A,16,3.77,25
18763986,Daniela,Clarke,F,2.96,FY,A,0,0,2
88556334,Anderson,Yates,M,3.97,JR,C,13,3.39,15
73490563,Riley,Delgado,M,2.6,SR,E,20,3.76,23
13334660,Matthew,Lucero,M,3.92,SO,C,5,2.95,7
48577945,Simon,Bailey,M,2.66,JR,D,12,2.65,14
56848229,Gabriel,Patton,M,3.85,SO,C,4,2.41,8
64090024,Alayna,Keller,F,3.68,SO,E,5,3.35,6
78895219,Luca,Collins,M,3.95,FY,B,0,0,5
57824000,Stephen,Rhodes,M,3.03,JR,D,14,3,19
95810428,Zuri,Houston,F,3.49,FY,C,0,0,4
16000144,Willow,Dalton,F,3.41,FY,D,0,0,4
74746564,Lydia,Mora,F,3.64,SO,E,5,3.21,7
36197608,Zayden,Hart,M,3.55,FY,B,0,0,5
49562757,Isaiah,Lane,M,3.82,JR,C,13,3.82,17
98440453,Naomi,Donovan,F,2.65,JR,B,14,2.14,19
18903153,Jaden,Madden,M,3.34,FY,A,0,0,2
21531908,Noah,Pollard,M,3.62,SO,D,4,3.79,9
79707718,Piper,Cameron,F,2.94,SR,E,21,3.79,24
94654942,Emmett,Evans,M,3.69,SO,C,4,2.7,7
22818208,Cameron,Hendricks,M,2.75,SO,E,6,2.86,6
93907987,Matias,Pollard,M,3.53,SO,C,4,2.34,8
86878423,Cooper,Knox,M,3.97,FY,D,0,0,3
75773553,Delaney,Poole,F,3.66,SO,B,4,3.21,6
39516310,Brianna,Ramsey,F,3.65,FY,B,0,0,2
37047523,Jasper,Khan,M,3.18,FY,C,0,0,3
16732598,Preston,Velasquez,M,3.41,JR,A,13,3.56,17
27506260,Aaliyah,Howe,F,3.38,SO,E,4,3.22,8
91163190,Sophie,Powers,F,3.96,SO,C,4,2.78,9
21711131,Addison,Rush,F,3.8,FY,A,0,0,4
17849429,Emma,Burnett,F,3.22,FY,A,0,0,3
87061932,Camila,Meza,F,3.5,FY,B,0,0,3
42370451,Blake,Hendrix,M,3.54,JR,A,12,1.97,13
21332093,Aubrey,Ball,F,3.83,SR,C,22,3.62,25
43550023,Lydia,Dixon,F,3.78,JR,A,13,3.75,18
59745631,Kaden,Mejia,M,2.97,SO,A,4,2.36,6
92222992,Norah,Bartlett,F,3.81,JR,D,13,3.44,15
61365732,Josephine,Sellers,F,3.48,JR,A,13,3.01,17
24236145,Julia,Santiago,F,3.64,JR,D,13,3.44,16
17062729,Presley,Henry,F,3.08,FY,E,0,0,4
19373929,Marley,Stone,F,2.78,FY,E,0,0,5
76959484,Adrian,Bailey,M,3.91,JR,B,13,3.62,15
92885453,Colt,Callahan,M,3.15,JR,A,13,3.03,15
64390483,Amara,Bryan,F,3.01,FY,E,0,0,3
32664338,Ace,Barrett,M,3.76,SO,B,4,3.62,6
99711662,June,Randolph,F,3.33,JR,A,16,3.28,18
12845489,Maria,Mccarty,F,3.83,SR,E,23,2.39,26
85803866,Jordyn,Mosley,F,2.94,SR,C,21,2.52,25
73050500,Mya,Shah,F,3.38,SO,D,5,2.01,7
53546654,Tyler,Stout,M,3.24,FY,A,0,0,3
91991747,Paisley,Medina,F,3.18,SO,D,4,2.53,7
71468843,Thea,Summers,F,3.73,FY,C,0,0,3
71330676,Robert,Vega,M,3.71,SO,C,4,3.33,7
28874577,Blake,Dominguez,F,3.12,SO,C,5,1.95,7
32065766,Savannah,Stanton,F,3,SO,B,5,2.83,9
97676547,Caroline,Mullins,F,3.83,FY,B,0,0,2
29235324,Brooke,Rodriguez,F,3.28,JR,A,13,2.4,17
73125630,Brynlee,Craig,F,3.72,FY,E,0,0,0
18135258,Morgan,Bruce,F,3.29,JR,E,13,2.17,18
22726251,Arianna,Trejo,F,2.67,SR,A,21,3.65,23
86498851,Rowan,Harrell,F,3.86,FY,D,0,0,3
83463973,Owen,Mason,M,3.6,SR,C,16,3.27,25
47919084,Selena,Rogers,F,3.62,FY,E,0,0,3
93199816,Kevin,Robles,M,3.88,SR,A,20,3.23,27
34540855,Clayton,Cooper,M,3.7,JR,A,15,3.53,17
38880228,Elliot,Yoder,M,3.18,SR,A,18,3.59,27
36518979,Angel,Mcfarland,M,3.09,JR,A,13,2.83,15
42562865,Thea,Valenzuela,F,2.7,SO,C,4,3.78,4
73814962,Makayla,Mullins,F,2.83,SR,D,22,2.12,27
22185533,Kate,Michael,F,3.07,SO,A,4,3.03,7
89023597,Grace,Arias,F,3.17,JR,C,14,3.18,16
98338172,Quinn,Rush,F,3.77,FY,C,0,0,2
33456587,Leia,Melton,F,3.48,SR,B,23,3.08,24
92331638,Martin,Hawkins,M,2.95,JR,A,12,2.01,16
24766875,Olive,Sims,F,3.42,SO,A,5,3.33,9
83110251,Ronan,Wall,M,3.64,JR,C,12,3.76,17
97697633,Lincoln,Blanchard,M,3.79,SR,C,16,3.11,23
42001044,Payton,Coleman,F,2.81,FY,C,0,0,5
57620510,Messiah,Case,M,3.14,FY,B,0,0,2
98081901,Anna,Clay,F,3.55,JR,A,13,3.53,13
83703219,Ana,Butler,F,3.03,JR,E,13,2.76,15
49937834,Olive,Turner,F,3.1,SR,C,18,3.11,26
17971560,Londyn,Beard,F,2.83,JR,E,12,3.77,13
14799049,Iris,Snyder,F,3.54,SO,C,5,3.4,9
59888220,Sloane,Macias,F,3.06,SR,D,23,2.27,27
99710742,Peyton,Mack,F,3.56,SO,C,4,2.36,8
27566814,Tobias,Medrano,M,3.84,JR,C,13,2.52,18
35157901,Beckham,Garcia,M,3.61,FY,D,0,0,1
23432962,Louis,Nielsen,M,3.38,SO,A,5,3.58,10
59596451,Alivia,Archer,F,3.72,FY,D,0,0,3
85627215,Kylie,Farrell,F,3.49,JR,C,12,3.2,13
92470366,Cole,Mcgee,M,3.14,SO,B,4,2.72,4
39189252,River,Moody,M,3.54,SO,A,4,3.43,9
15185274,Emily,Dunn,F,3.01,FY,C,0,0,2
97389461,Ezekiel,Arias,M,3.52,FY,A,0,0,2
61503494,Aaliyah,Wolfe,F,3.44,SO,A,4,3.41,6
34286823,Alexandria,Green,F,2.63,SO,B,5,2.66,9
68176146,Brianna,Banks,F,3.62,SO,C,4,2.6,6
16656132,Patrick,Kirk,M,2.57,SR,E,17,2.5,24
11368605,Harrison,Gardner,M,3.58,JR,E,14,2.79,16
28809271,Messiah,Huff,M,3.44,SR,C,19,3.56,28
99263764,Mariah,Collier,F,3.62,SR,E,18,2.4,27
33048680,Alayna,Cantu,F,3.24,FY,D,0,0,3
37625337,Freya,Patton,F,3.75,FY,E,0,0,4
47049067,Paisley,Green,F,3.86,SR,A,21,2.73,26
51983052,Lillian,Vasquez,F,3.29,SR,C,20,2.23,22
41455438,Trinity,Perry,F,3.35,JR,A,12,3.19,14
93515414,Hayden,Guerrero,F,3.06,SO,B,5,1.91,10
75071678,Journey,Mcintosh,F,3.62,SO,D,4,3.46,9
55527131,Ivy,Nash,F,3.99,JR,E,13,1.96,17
77692846,Eden,Barajas,F,3.39,SO,A,5,2.67,9
14553342,Amelia,Russo,F,2.78,FY,B,0,0,5
41815626,Amir,Stafford,M,3.13,FY,C,0,0,3
41002769,Tucker,Fischer,M,3.97,JR,D,14,3.58,19
56964737,Orion,Page,M,3.22,FY,C,0,0,2
98608800,Giovanni,Stout,M,2.84,SO,A,5,2.07,8
36035961,Leia,Benton,F,3.48,SR,A,22,3.51,25
54620174,Trinity,Estes,F,3.49,FY,C,0,0,4
13737223,Riley,Carter,F,3.69,FY,D,0,0,5
33362575,Alana,Cherry,F,3.35,SO,E,4,2.21,8
11175165,Hunter,Stevenson,M,3.64,JR,A,13,3.18,17
98718765,Maximus,Olsen,M,3.61,SR,E,17,3.2,23
24481499,Tucker,Stewart,M,3.46,SO,D,4,2.62,9
47625013,Brianna,Huynh,F,2.53,SO,B,5,2.65,8
26940482,Colin,Ponce,M,2.66,SR,D,19,2.32,25
28727554,Myles,Frederick,M,3.54,SR,A,17,2.89,21
66215378,Kate,Galindo,F,3.47,SO,B,4,2.63,9
57654672,Antonio,Medina,M,2.64,SR,C,19,2.8,25
85751818,Luis,Chung,M,3.75,SO,C,5,3.92,8
69416122,Lucy,Nichols,F,3.75,SO,C,4,2.9,6
88203847,Bailey,Cannon,F,3.69,SO,C,5,3.12,8
65200833,Maverick,Frazier,M,2.75,SO,C,4,3.31,6
16740009,Christopher,Bruce,M,3.37,SR,C,21,2.2,22
12233455,Lorenzo,Avalos,M,2.59,SO,D,5,2.84,6
81442742,Valentina,Shannon,F,2.57,JR,C,14,2.47,17
79666155,Patrick,Montes,M,3.24,FY,D,0,0,4
99420447,Eden,Cox,F,3.38,JR,C,13,3.34,16
57653471,Mila,Trujillo,F,3.97,FY,A,0,0,4
35377782,Journee,Rowe,F,3.34,JR,B,13,2.22,16
86015471,Charlee,Pugh,F,3.07,JR,B,12,2.21,16
24949761,Aubree,Colon,F,3.01,JR,A,12,2.51,16
33544102,Lane,Schaefer,M,3.07,JR,C,13,3.36,13
64682684,Asher,Dawson,M,3.55,FY,D,0,0,4
85193434,Beckett,Dalton,M,2.98,SO,E,5,3,8
78629980,Lilah,Koch,F,2.66,SO,D,4,2.85,9
61209613,Amina,Livingston,F,3.81,SR,E,21,3.59,21
61735286,Daniela,Bentley,F,3.49,SR,A,21,3.39,23
73063107,Lukas,Dixon,M,2.83,SO,A,4,2.79,9
53896512,Elsie,Jordan,F,3.59,FY,D,0,0,5
24787733,Jacob,White,M,3.19,JR,A,13,3.65,13
87008206,Isla,Camacho,F,3.25,JR,D,12,3.63,16
11669304,Myla,Craig,F,3.46,SR,D,18,3.1,22
16924092,Emma,Montgomery,F,3.09,FY,E,0,0,4
81248235,Alyssa,Green,F,3.2,JR,D,13,3.18,16
69446939,Zachary,Howard,M,3.84,JR,A,13,2.65,18
74779468,Ian,Daniels,M,2.84,SO,A,5,3.16,5
14986615,Justin,Alexander,M,3.71,JR,B,14,2.4,16
56539540,Genevieve,Woodard,F,2.6,FY,E,0,0,3
32974819,Amara,Collins,F,2.82,FY,C,0,0,3
89552800,Sara,Choi,F,3.3,SR,C,21,3.17,23
96926240,Lydia,Rios,F,2.98,SR,A,22,2.37,25
93857903,Rose,Peralta,F,3.76,JR,B,12,3.2,14
28074652,Declan,Brewer,M,3.85,FY,A,0,0,3
65825537,Journey,Garcia,F,3.44,SR,E,20,3.35,24
81989878,Holden,Weeks,M,3.01,FY,C,0,0,3
66237053,Victor,Rice,M,3.89,SR,C,22,3.83,25
83299606,Ace,Russell,M,3.15,SR,A,24,2.96,26
48917938,Briella,Rubio,F,2.73,SR,C,16,2.36,22
54048131,Jorge,Ochoa,M,2.69,SO,B,4,2.58,8
13128851,Valerie,Reyes,F,3.17,SR,C,16,3.18,23
19432814,David,Melendez,M,2.79,SR,B,17,3.83,26
11279006,Dylan,Dougherty,M,3.39,JR,A,14,3.12,18
47157603,Rowan,Mcclain,M,3.38,SR,E,20,3.02,25
89360978,Beckett,Burgess,M,3.45,SO,A,4,2.08,4
34575521,Kendall,Kennedy,F,2.66,SO,C,5,2.86,5
55116105,Gemma,Lynn,F,3.56,SR,E,16,3.7,22
81973304,Destiny,Frost,F,3.54,SR,E,17,3.63,25
37490156,George,Jefferson,M,3.83,SR,D,17,3.87,23
89348645,Sofia,Huber,F,3.93,SR,A,24,3.83,29
44213674,Abel,Marquez,M,2.86,FY,A,0,0,4
54237591,Sebastian,Owens,M,3.26,FY,A,0,0,4
74044800,Richard,Lloyd,M,3.5,SR,C,22,3.45,24
51045012,Emilia,Shepherd,F,2.55,FY,C,0,0,2
27237707,Jaden,Lynn,M,2.59,FY,C,0,0,3
61040506,Camille,Corona,F,3.31,JR,A,12,3.35,17
13424798,Josie,Buckley,F,2.7,SR,D,23,2.56,26
44915331,Patrick,Romero,M,3.14,FY,A,0,0,3
25849311,Ruby,Vazquez,F,2.89,SR,C,22,2.9,25
91998953,Charlee,Massey,F,3.57,SR,C,21,3.73,23
95870215,Samantha,Mccall,F,3.77,FY,E,0,0,2
48819047,Kate,Coffey,F,2.91,SO,C,4,3.6,8
33925503,Greyson,Tate,M,2.91,SR,A,16,2.76,22
95657162,Waylon,Banks,M,2.8,SO,D,4,2.75,6
38523802,Genesis,Marsh,F,3.12,JR,E,12,3.13,17
93103277,Landon,Page,M,3.52,FY,C,0,0,1
43319977,Josie,Taylor,F,2.93,SR,A,21,2.74,24
61190247,Skylar,Le,F,3.28,FY,C,0,0,5
79492278,Skylar,Reed,F,3.21,SO,C,4,2.35,8
51002141,June,Todd,F,3.49,SO,C,4,3.14,6
33681985,Eva,Stafford,F,3.43,SO,E,4,3.82,9
41921203,Margaret,Torres,F,3.17,SO,A,4,2.31,7
59143258,Mia,Poole,F,3.12,SO,E,5,2.76,10
47059224,Isaiah,Shannon,M,3.1,SR,C,17,3.22,26
22939273,Malachi,Tyler,M,3.55,SO,E,4,3.09,6
14493560,Parker,Cortes,F,3.96,SR,A,22,2.56,27
92141798,Elise,Dickerson,F,3.77,SR,C,17,3.11,26
67063521,Elena,Lester,F,3.89,FY,D,0,0,3
54091405,Aniyah,Sanchez,F,3.97,SR,C,22,3.95,26
91727178,Juan,Young,M,2.83,JR,C,12,2.82,14
91786247,Aniyah,Hood,F,3.57,SO,C,4,2.86,6
32395861,Sofia,Collier,F,2.88,JR,C,12,3.59,17
54037089,Melissa,Guzman,F,3.53,SO,B,4,3.25,8
49775503,Nash,Clark,M,3.41,FY,D,0,0,2
55317875,Isla,Doyle,F,3.33,SO,A,4,2,9
68703850,Mckenzie,Hicks,F,2.7,JR,A,13,2.61,18
78838211,Kimberly,Hudson,F,3.34,SR,B,20,3.19,28
76588694,Mariah,Marquez,F,2.77,SR,E,18,3.43,25
72589274,Fiona,Dorsey,F,3.51,SR,E,19,2.74,28
18875357,Luis,Fleming,M,3.34,SR,C,23,3.12,25
21753286,Manuel,Brewer,M,2.73,FY,C,0,0,2
59166164,Calvin,Singleton,M,3.68,SR,A,20,3.52,21
39432612,Brooklynn,Finley,F,3.73,JR,C,12,3.99,15
66391465,Jesus,Brady,M,3.14,SR,A,18,3.13,24
98152726,Diego,Walsh,M,3.01,JR,A,13,2.87,17
45689593,Dean,Anthony,M,2.87,SO,C,4,2.5,9
63789622,Amy,Zimmerman,F,3.98,JR,D,12,3.91,14
77962097,Elsie,Felix,F,3.28,SR,C,18,2.36,27
56880501,Adalyn,Graves,F,3.18,FY,E,0,0,3
49489681,Sophia,Briggs,F,3.03,JR,A,12,2.53,16
41425164,Sydney,Singleton,F,3.69,FY,E,0,0,0
33587148,Melanie,Pruitt,F,3.75,JR,A,15,2.44,18
82056692,Landon,Gentry,M,3.41,SR,E,18,3.91,27
69273812,Raymond,Lambert,M,3.57,SO,E,4,2.61,4
57159785,Margaret,Delgado,F,3.52,SO,B,4,3.12,8
27229365,Eva,Williamson,F,3.29,JR,D,12,3.23,14
89562742,Hunter,Shaffer,M,3.17,JR,D,13,3.13,15
11247797,Alice,Patel,F,3.3,SO,C,4,2.78,7
78414966,Juan,Mcconnell,M,2.84,JR,D,13,3.45,13
75056611,Kate,Dudley,F,3.77,SR,A,16,2.68,23
23707464,Holden,Stein,M,3.44,SO,A,5,3.2,10
23855102,Sophia,Bernard,F,3.04,JR,B,13,3.5,15
93655688,Willow,Blevins,F,3.49,SR,A,20,3.76,29
85686740,Cash,Bryant,M,3.77,JR,E,13,3.35,16
14741958,Ivy,Glenn,F,3.76,FY,C,0,0,1
19708770,Hazel,Sanders,F,2.56,SO,C,4,2.15,6
38498214,Sara,Thompson,F,3.12,JR,A,14,2.38,18
96417449,Claire,Santana,F,3.38,SO,A,5,3.25,7
74233217,Gunner,Chambers,M,3.66,JR,A,13,2.93,16
59965140,Andrew,Estes,M,3.47,SR,D,22,2.57,25
54343087,Dakota,Rosales,F,3.23,JR,E,12,3.38,17
96686278,Lilah,Odonnell,F,3.01,SR,A,18,2.99,26
26191898,Lucas,Banks,M,2.89,SO,C,5,3.84,9
61733385,Camden,Gates,M,3.9,SO,B,4,1.93,7
49374407,Diana,Thornton,F,3.01,SR,D,20,3.08,27
34970673,Camille,Mccall,F,3.33,SO,B,5,3.2,9
27241348,Leon,Santiago,M,3.87,SR,A,16,4,25
29845927,Isabella,Ramsey,F,3.19,SO,D,5,2.61,7
73704596,Ruby,Christian,F,2.8,SR,A,17,2.89,26
87728598,Hudson,Lewis,M,2.81,JR,C,14,2.84,18
86921042,Joanna,Walter,F,3.91,SO,D,4,2.91,6
77540934,Giovanni,Osborne,M,3.71,SO,C,5,2.59,10
95487628,Bryce,Bennett,M,3.55,SO,C,5,1.83,8
15542753,Zoey,Hebert,F,2.58,JR,D,14,3.13,14
17692309,Stephen,Noble,M,2.87,SR,A,21,2.91,26
63960068,Aidan,Le,M,2.61,JR,E,14,2.15,18
87183192,Ember,Mueller,F,2.68,JR,C,12,2.6,16
72167290,Manuel,Nixon,M,3.25,SR,E,19,3.34,25
91080277,Braxton,Hensley,M,3.47,JR,A,12,3.57,17
81261504,Stella,Hill,F,3.31,SR,A,16,2.87,24
86869965,Vanessa,Benson,F,2.98,JR,A,14,3.25,17
18726118,Samuel,Castro,M,3.7,SO,C,4,3.73,8
44114299,Eden,Vincent,F,2.84,FY,E,0,0,4
95670421,Alana,Strong,F,2.95,FY,C,0,0,5
72486170,Kayla,Garrison,F,3.52,JR,A,12,3.21,16
62504526,Skylar,Poole,F,3.36,JR,D,13,3.46,17
93326898,Jonathan,Andrade,M,3.15,FY,C,0,0,3
12696658,Daisy,Ortiz,F,2.81,FY,A,0,0,3
49854396,Mckenna,Sanford,F,3.2,SO,C,5,2.43,6
48253260,Thomas,Mitchell,M,3.85,FY,C,0,0,2
15082684,Adaline,Harvey,F,2.75,SO,D,4,4,9
74103376,Alex,Thornton,M,2.7,SO,A,5,2.5,6
72902177,Dean,Davenport,M,3.74,SR,B,18,3.63,26
49341721,Jesus,Holland,M,3.55,SO,C,4,3.87,8
43260837,Carson,Barrett,M,3.09,JR,D,15,3.09,18
97476278,Amari,Goodwin,M,3.63,SR,A,23,2.32,25
99846319,Ruby,Watson,F,3.78,SO,A,4,2.45,6
43576264,Sawyer,Brooks,F,2.74,FY,D,0,0,4
72257147,Valeria,Berry,F,2.73,JR,A,13,2.55,16
66324861,Clara,Gill,F,2.63,SR,B,16,2.6,24
26199721,Jorge,Duffy,M,3.23,SO,C,4,2.13,5
46090320,Arthur,Gardner,M,2.94,SO,E,4,2.67,7
75067328,Brooklynn,Robertson,F,3.1,FY,A,0,0,3
97880648,Hunter,Farmer,M,3.78,SR,D,25,3.28,30
52821925,Sebastian,Combs,M,2.91,FY,C,0,0,3
21338069,Gianna,Juarez,F,3.77,JR,C,12,3.65,14
68958588,Carlos,Zamora,M,3.23,SR,E,16,2.51,25
17441820,Athena,Hodge,F,3.8,SO,C,5,2.35,10
71363695,Colt,Allen,M,3.91,JR,C,14,2.11,18
41139491,Brian,Lynch,M,3.11,FY,C,0,0,4
88072398,Ariella,Grimes,F,3.47,FY,A,0,0,5
58638242,Joanna,Wolf,F,2.84,SR,C,20,2.95,28
83934114,Manuel,Raymond,M,2.83,SR,E,24,2.67,29
87930796,Tyler,Lindsey,M,2.79,SR,E,19,2.73,27
59389629,Lucia,Truong,F,3.33,FY,A,0,0,4
21591735,Maddox,Correa,M,3.07,FY,C,0,0,2
23670491,Myla,Chavez,F,2.99,SO,A,4,2.8,9
66143933,Brianna,Farmer,F,3.54,JR,B,14,2.64,15
21390982,Javier,Villa,M,3.89,SR,D,19,2.83,25
68602404,Cayden,Browning,M,2.54,SO,A,4,2.13,8
26086082,Trinity,Golden,F,3.35,FY,E,0,0,5
35169255,Jocelyn,Wong,F,3.02,JR,C,12,3.7,14
85645235,Tyler,Ortiz,M,2.96,JR,D,13,3.08,18
88179179,Oliver,Coleman,M,3.35,JR,A,13,2.12,17
91016618,Vanessa,Johnson,F,2.84,FY,C,0,0,1
17579690,Camden,Griffin,M,2.78,SO,E,4,2.78,4
89724963,Kaden,Elliott,M,3.19,FY,C,0,0,3
94863426,Penelope,Hogan,F,3.07,JR,B,13,2.22,18
47883606,Ariel,Dennis,F,3.36,FY,D,0,0,0
94987342,Beckett,Montoya,M,2.91,SO,C,4,3.71,9
28337228,Journey,Gibbs,F,2.92,SO,E,4,2.07,7
39257793,Jeremy,Meyers,M,2.99,JR,C,14,2.21,18
84660814,Colt,Harris,M,2.7,SR,A,18,2.94,22
41798762,Madelyn,Guerra,F,3.11,FY,C,0,0,4
28023085,Athena,Sanders,F,3.79,FY,C,0,0,5
42951041,Hunter,Potter,M,3.3,SO,C,4,2.22,9
76192897,Isabel,Good,F,2.97,SR,A,18,2.88,24
29647182,Bentley,Davis,M,2.78,SO,A,4,2.22,8
85416480,Wesley,Keller,M,3.28,JR,A,14,3.26,19
45788225,Cora,Nguyen,F,3.55,SO,C,4,3.25,9
77333943,Bailey,Hughes,F,3.49,SO,A,4,2.37,9
99597975,Jorge,Wolfe,M,3.93,SR,E,17,2.18,24
95940107,Timothy,Chapman,M,3.82,FY,D,0,0,5
88053766,Elaina,Kim,F,2.9,SR,C,19,3.3,27
58447470,Hadley,Shepard,F,3.68,SO,C,4,3.02,7
79353605,Maddox,Harrison,M,3.65,SR,E,20,3.17,21
94160997,Amir,Gallagher,M,3.5,FY,E,0,0,4
91113164,Makayla,Kent,F,2.9,JR,A,12,2.71,15
91844421,Amaya,Rasmussen,F,3.89,JR,E,13,2.49,16
41769536,Malia,Blair,F,3.28,FY,E,0,0,4
18638904,Leila,Long,F,3.17,JR,B,13,3.09,18
54432575,Carter,Buck,M,3.2,SO,D,4,3.05,9
79207197,Kevin,Lim,M,3.09,SR,C,18,3.48,24
72178401,Sawyer,Shaffer,M,3.44,SO,A,4,3.49,9
64067405,London,Lopez,F,3.74,SR,D,18,3.18,23
64540733,Penelope,Perez,F,3.97,FY,A,0,0,2
64413390,Alana,Gross,F,3.02,FY,D,0,0,2
34072637,Camille,Esparza,F,3.17,SO,C,5,2.55,8
73710243,River,Cameron,F,3.38,SR,D,18,2.66,25
13938261,Brianna,Stokes,F,3.82,JR,E,13,3.12,18
53518481,Evan,Waters,M,3.25,SO,D,5,3.02,9
51089450,Ashley,Whitehead,F,3.42,SR,C,22,3.26,26
85419672,Amelia,Xiong,F,2.63,SR,B,21,2.64,24
99034027,Alexa,Faulkner,F,2.74,SO,B,4,1.73,8
92578011,Vanessa,Mcdonald,F,3.23,SR,A,19,2.37,25
69488998,Felix,Willis,M,3.19,SO,C,4,3.06,4
64106291,Emilio,Fischer,M,3.21,SO,D,6,2.83,8
13766523,Ximena,Spence,F,3.17,JR,D,14,3.12,16
44789963,Paisley,Sandoval,F,3.19,JR,B,13,3.14,17
58265929,Ariella,Murphy,F,3.8,SO,E,5,2.44,10
34522944,Adalynn,Alfaro,F,2.92,SO,B,4,3.82,7
21606077,Luca,Marshall,M,3.35,SO,A,4,1.96,7
89457483,Nicholas,Simpson,M,3.07,SR,C,17,2.85,24
15326280,Ellie,Bond,F,3.68,SR,C,18,2.75,24
94336864,Bradley,Schaefer,M,3.46,SR,E,22,3.67,24
66745316,Alexander,Vazquez,M,3.7,JR,A,12,2.39,16
38815628,Jordyn,Skinner,F,3.19,JR,D,13,2.23,17
18177961,Everett,Shelton,M,3.77,JR,E,13,3.95,16
58893590,Liam,Mckinney,M,3.57,JR,E,13,3.27,15
58609212,Daleyza,Friedman,F,3.47,SR,C,17,3.19,24
38364865,Adriel,Conley,M,2.94,SR,E,23,2.98,28
74827501,Cole,Wilkinson,M,3.72,JR,A,13,2.93,15
88547463,Jaxon,Shannon,M,3.37,SO,A,6,3.07,10
57381060,Aurora,Davenport,F,3.91,SO,A,4,2.1,8
95048562,Ezra,Cantrell,M,2.72,JR,B,12,3.12,17
31792412,James,Juarez,M,3.67,SR,E,18,3.62,25
71584398,Vivian,Dyer,F,3.32,SR,E,24,3.12,26
57720705,Elaina,Bradford,F,2.83,FY,C,0,0,5
81740252,Freya,Gilmore,F,2.91,JR,C,12,2.92,16
37198907,Preston,Vargas,M,3.04,SO,A,4,3.6,9
19947981,Connor,Sherman,M,2.67,SO,C,4,2.49,8
96953587,Melody,Mendoza,F,3.07,JR,E,14,2.45,19
79904411,Tessa,Maddox,F,3.45,SO,C,4,2.28,9
97712858,Madelyn,Trejo,F,3.12,SR,E,19,2.92,24
73323321,Alexis,Spence,F,3.93,FY,D,0,0,3
31898647,Archer,Briggs,M,2.98,SO,A,4,2.92,6
71978172,Kevin,Garza,M,2.99,FY,A,0,0,5
36676662,Chloe,Oneill,F,3.77,SO,B,4,2.67,7
59371697,Derek,Anthony,M,3.12,FY,C,0,0,3
74972433,Bradley,Mcdaniel,M,2.58,SO,A,4,3.29,7
74318442,Austin,Chen,M,2.84,JR,A,13,2.63,17
36154734,Chloe,Kane,F,3.69,FY,B,0,0,1
89071061,Enzo,Gillespie,M,3.5,SR,A,21,2.66,25
36944633,Amiyah,Cox,F,3,FY,B,0,0,3
65828167,Steven,Page,M,3.72,JR,C,12,3.09,16
21656284,Elsie,Randolph,F,2.65,SO,C,5,2.53,7
45411081,Sawyer,Huynh,F,3.7,JR,D,12,3.48,17
75324057,Alan,Huynh,M,3.1,SO,C,4,2.8,6
57657401,Reese,Austin,F,3.07,SR,E,21,3.29,26
56468390,Kaleb,Pacheco,M,2.58,FY,C,0,0,3
98211395,Tobias,Park,M,3.02,FY,D,0,0,4
95757166,Alayna,Perkins,F,3.76,FY,A,0,0,2
25585843,Daxton,Pennington,M,3.11,SO,A,5,2.82,10
39329538,Juan,Meyer,M,3.6,JR,E,13,3.16,17
83849846,Ronan,Rogers,M,3.15,SO,A,4,2.45,5
94328777,Kingston,Moon,M,2.54,SR,D,17,2.97,25
13097051,Leila,Luna,F,2.73,FY,A,0,0,4
17503514,Joshua,Mercado,M,3.2,SO,C,4,2.66,9
17309650,Waylon,Davenport,M,3.83,JR,E,12,3.67,13
28017417,Brooklyn,Velez,F,3.6,FY,E,0,0,2
86144010,Antonio,Cox,M,3.22,JR,A,13,1.97,18
32738684,Fiona,Schmidt,F,3.08,FY,D,0,0,5
47554076,Callie,Faulkner,F,2.92,SR,C,22,3.06,25
17953671,Kayden,Potts,M,3.14,SR,A,17,3.12,25
93174233,Makayla,Fitzgerald,F,2.82,JR,A,12,2.71,15
62315954,Jaxson,Faulkner,M,3.52,JR,C,13,3.46,16
31954798,Josue,Raymond,M,3.65,FY,A,0,0,2
31302599,Jordyn,Glass,F,3.61,JR,E,12,3.67,15
78507243,Judah,Murillo,M,3.1,JR,C,12,2.1,15
79168339,Ayla,Caldwell,F,3.39,SO,A,4,2.72,4
35624469,Rylan,Guzman,M,3.11,SO,E,6,3.75,11
34353329,Phoenix,Farrell,M,2.57,SR,C,17,2.38,21
61097677,Kali,Fletcher,F,3.14,SO,A,5,2.69,7
51808548,Lyla,Oneal,F,3.68,FY,D,0,0,3
21382324,Enzo,Mendez,M,3.05,SO,D,4,2.08,6
16762723,Isabella,Meza,F,3.56,SR,C,18,3.53,26
92025449,Enzo,Bullock,M,2.74,FY,A,0,0,5
89702928,Daniel,Edwards,M,2.79,SO,C,4,3.96,9
89865571,Daniel,Ford,M,3.79,FY,A,0,0,3
34358015,Leilani,Hubbard,F,2.75,SO,C,5,2.91,9
18205966,Thomas,Nichols,M,3.59,JR,C,12,3.49,15
15647286,Maggie,Livingston,F,2.82,FY,D,0,0,5
57113281,Mya,Lucas,F,2.83,SO,A,4,2.44,6
36160721,River,Nunez,M,2.78,JR,A,14,2.43,15
43409803,Clayton,Harrell,M,2.87,JR,A,12,2.44,13
85038328,Dallas,Pineda,M,3.17,JR,C,12,2.8,13
49575250,Kylie,Bartlett,F,3.49,FY,B,0,0,3
68142238,Layla,Carpenter,F,3.05,JR,B,13,2.72,13
59068112,Calvin,Hess,M,3.38,JR,C,14,3.1,16
63824368,Antonio,Arellano,M,3.3,FY,A,0,0,2
86627842,Allison,Archer,F,2.96,SR,C,22,2.76,23
62929472,Mariana,Rowland,F,3.2,FY,A,0,0,3
33780930,Preston,Leal,M,2.55,SO,B,4,2.02,9
25022163,Elise,Jaramillo,F,3.38,SR,E,23,3.89,28
12133409,Hudson,Levy,M,3.5,JR,C,12,3.1,12
93966884,Beau,Wiggins,M,3.35,JR,A,12,2.48,16
44827073,Lorenzo,Herring,M,3.15,SR,B,20,2.14,25
45163658,Jade,Thompson,F,3.08,SO,B,4,1.99,9
28330764,Rylan,Butler,M,3.09,SO,A,4,3.89,9
34124591,Lane,Correa,M,3.64,JR,C,12,2.7,12
45467748,Norah,Cook,F,3.38,FY,E,0,0,3
42867418,Ryleigh,Franco,F,3.25,JR,C,13,3.78,14
16898164,Asher,Dalton,M,3.77,SR,B,18,3.67,25
48525026,Emersyn,Watson,F,3.83,SO,A,4,3.43,7
61221250,Jorge,Moody,M,2.96,FY,C,0,0,2
93780081,Athena,Calhoun,F,2.74,JR,D,13,2.35,17
64535906,Evan,Prince,M,3.79,JR,B,13,3.43,15
55814502,Gemma,Lucas,F,2.91,SR,C,18,3.55,26
24781512,Valentina,Burch,F,2.88,SR,E,17,3.06,23
47923642,Tessa,Greer,F,3.3,JR,A,12,2.93,14
22112481,Layla,Rowe,F,3.18,SO,E,5,3.03,8
31463369,Myla,Hines,F,3.84,SO,D,4,3.76,4
73643535,Emilia,Esparza,F,3.33,FY,D,0,0,5
37517515,Tyler,Zuniga,M,3.79,JR,C,12,3.35,12
87623741,Nevaeh,Hamilton,F,3.17,SR,B,18,3.43,25
12126304,Josiah,Garrison,M,2.62,SO,C,4,2.62,9
48936336,Teagan,Durham,F,3.55,JR,D,13,3.2,18
15435890,Ariel,Floyd,F,3.46,FY,D,0,0,5
43362672,Ana,Kim,F,3.44,SO,B,6,2.98,11
57429720,Delaney,Brock,F,3.33,SO,E,5,3.32,7
57538023,Madeline,Mayer,F,3.87,JR,C,14,4,19
45107958,Sofia,Garza,F,3.55,JR,A,13,3.5,16
63858137,Blake,Heath,M,3.47,SO,A,6,3.7,11
62959100,Makayla,Gomez,F,2.72,SO,B,4,2.39,8
74258249,Brielle,Everett,F,2.79,SO,C,4,3.5,9
97449359,Logan,Chandler,M,2.6,FY,D,0,0,2
45699770,Beau,Collier,M,3.79,JR,A,13,3.54,16
73183457,Kevin,Espinosa,M,3.78,SO,D,4,3.15,9
51595305,Ivan,Donaldson,M,3.46,JR,A,12,3.22,14
67755158,Avery,Thompson,F,3.13,JR,A,12,2.35,15
48454136,Finley,Strickland,M,2.96,JR,A,12,3.74,17
95881419,Mckenna,Hurley,F,3.99,JR,C,12,3.21,17
82398372,Sloane,Austin,F,3.49,SR,C,19,3.56,27
87709390,Benjamin,Magana,M,3.37,SO,C,4,2.97,4
67136320,Samantha,Parra,F,2.97,SO,C,5,2.8,10
77280777,Giselle,Rollins,F,3.55,SO,A,4,1.55,8
19864390,Nicholas,Lewis,M,3.15,SO,C,4,3.07,8
34102997,Rhett,Martin,M,3.19,FY,A,0,0,5
48539922,Alan,Patterson,M,3.99,FY,A,0,0,4
98390308,Thea,Harper,F,3.17,FY,D,0,0,3
15676633,Kimberly,Dawson,F,2.79,SO,E,4,2.8,5
74133072,Joshua,Griffith,M,3.11,SR,E,22,2.78,25
51594175,Kingston,Arnold,M,3.65,FY,A,0,0,3
69933652,Gael,Savage,M,2.58,FY,B,0,0,4
77055330,Rylee,Rose,F,3.95,SR,B,22,3.68,26
65042278,Sophia,Harrell,F,3.9,JR,B,13,3.65,15
29887464,Izabella,Myers,F,3.41,SO,B,4,3.08,4
32628100,Juan,Cardenas,M,2.7,JR,C,14,2.6,15
63711901,Eden,Xiong,F,3.03,SO,A,4,2.95,6
75608232,Nicolas,Rasmussen,M,3.71,FY,D,0,0,5
12182038,Silas,Reid,M,2.83,SR,C,22,2.38,26
99682930,Tucker,Townsend,M,3.96,FY,A,0,0,5
38761837,Alexandria,Gallagher,F,3.14,SO,B,6,2.41,8
89240347,Ivan,Huynh,M,3.41,JR,D,15,2.93,19
53235751,Steven,Mckay,M,2.98,SR,A,16,3.42,25
97004425,Asher,Zimmerman,M,2.64,JR,A,14,2.27,16
61644862,Brynlee,Arroyo,F,3.51,SO,A,4,2.14,9
92238373,Ximena,Archer,F,2.8,JR,D,13,2.81,17
43412970,Nathan,Obrien,M,3.83,SR,A,22,2.62,25
88286030,Elias,Sherman,M,3.61,JR,C,13,2.83,14
15673874,Zoe,Fuller,F,3.74,JR,E,13,2.03,16
74959583,Adalyn,Price,F,3.24,JR,A,12,3.7,16
23196881,Edward,Cabrera,M,3.41,SR,A,18,1.78,24
32540669,Eliza,Evans,F,2.88,FY,D,0,0,0
53198900,Angel,Marsh,M,2.68,SO,A,5,2.07,10
46659420,Chase,Carey,M,3.64,SR,A,17,3.51,25
36339755,Brooks,Weber,M,3.42,JR,E,13,3.25,16
94280192,Steven,Alvarado,M,3.36,JR,C,12,3.37,16
54501802,Sienna,Fowler,F,3.14,SO,C,4,2.35,8
45971762,Jacob,Suarez,M,3.22,SO,A,4,2.96,4
45201278,Audrey,Tapia,F,3.46,SR,A,16,2.93,23
72902567,Kameron,Blankenship,M,3.11,SR,A,21,2.38,25
35393936,Nicholas,Cochran,M,2.63,SO,A,5,2.42,7
47198094,Jose,Hubbard,M,3.47,JR,E,12,3.16,12
15831811,Everleigh,Odom,F,3.41,JR,A,13,3.49,16
49667933,Brianna,Cortez,F,3.91,SO,E,4,2.17,9
52374766,Madeline,Moore,F,3.07,FY,A,0,0,5
15393025,Robert,Hayes,M,3.27,JR,E,13,2.73,15
52545549,Lydia,Huynh,F,3.21,SR,C,18,3.13,24
11137048,Jonathan,Lim,M,2.56,FY,C,0,0,5
84284586,Kingston,Benitez,M,3.74,FY,A,0,0,3
23989066,Jude,Pope,M,2.86,JR,D,14,2.89,18
85233406,Cooper,Reed,M,3.57,SR,E,18,2.66,26
35581905,Andrew,Lester,M,3.21,SR,A,18,3.06,27
55268354,Lucille,Lyons,F,3.66,SR,B,21,3.48,26
85325172,Mateo,Lindsey,M,3.78,JR,C,12,3.69,15
68377347,Jeremiah,Duffy,M,3.67,JR,C,12,2.38,15
13342182,Ariana,Burgess,F,2.83,SR,D,22,2.44,26
84943934,Max,Burnett,M,2.87,SO,B,5,2.66,8
18210800,Matteo,Wu,M,3.07,JR,C,13,3.09,18
14306868,Caroline,Perry,F,3.48,JR,C,13,3.35,17
72472204,Leah,Tate,F,3.21,FY,A,0,0,3
27422072,Noah,Hayden,M,3.73,SR,A,16,3.48,21
12818285,Sophie,Kemp,F,3.31,FY,D,0,0,2
38487729,Finn,Oneal,M,2.71,FY,A,0,0,4
82920470,Josue,Jimenez,M,3.29,FY,A,0,0,5
94530465,Presley,Payne,F,3.16,SO,E,4,2.87,9
92823590,Jordyn,Villarreal,F,3.32,SO,C,4,3.88,8
63568586,Carson,Powers,M,3.73,SO,C,5,3.8,8
14547879,Arabella,Marshall,F,2.76,SO,A,4,1.6,6
84852742,Manuel,Clay,M,2.85,FY,E,0,0,3
34738721,Amelia,Swanson,F,3.38,SR,C,22,3.54,22
49352537,Carson,Berg,M,2.66,FY,D,0,0,4
63720078,Andrew,Mcpherson,M,3.37,FY,E,0,0,3
88971662,Delilah,Leach,F,2.78,SR,C,21,2.94,23
91243035,Emilio,Morris,M,3.94,JR,C,13,3.63,15
93692669,Vivian,May,F,3.87,FY,C,0,0,4
38946695,Adalyn,Prince,F,3.75,SO,C,4,3.5,6
59017212,Dawson,Morse,M,2.8,SR,C,16,2.45,22
79599123,Colin,Olson,M,3.58,FY,A,0,0,4
78427112,Finley,Logan,M,2.91,FY,C,0,0,5
45012005,Dean,Henry,M,2.82,SO,A,4,2.47,6
76103304,Leia,Rodriguez,F,3.22,FY,A,0,0,5
64521977,Samara,Jefferson,F,3.03,FY,D,0,0,3
73810036,Charles,Bradshaw,M,3.71,FY,D,0,0,5
42956723,Josephine,Kirby,F,3.64,SR,D,18,3.08,26
58745292,Silas,Leblanc,M,3.2,JR,C,12,3.59,14
52810524,Kimberly,Proctor,F,3.24,SO,C,4,3.13,8
43122261,Gabriella,Cisneros,F,3.04,SO,A,5,4,7
74312941,Lyla,Hester,F,3.84,FY,C,0,0,5
68138683,Charlee,Blanchard,F,3.61,FY,C,0,0,5
67155740,Zayden,Felix,M,3.15,SR,C,22,2.91,24
75931824,Atlas,Watkins,M,3.12,SO,D,4,3.81,9
51065241,Mason,Walter,M,3.49,SR,C,20,3.44,26
68310512,Samara,Hudson,F,3.79,SO,D,6,3.29,10
45675081,Eric,Norton,M,3.66,SR,E,17,3.04,26
56197444,Adrian,Keith,M,3.65,JR,E,12,3.04,17
87233696,Autumn,Farley,F,3.9,SR,E,21,2.78,23
27670277,Jade,Sullivan,F,2.8,SO,B,4,1.78,6
59236376,Amelia,Mcintosh,F,3.34,FY,B,0,0,2
19241952,Savannah,Wilcox,F,2.55,JR,A,12,1.86,14
84995038,Vivian,Hendricks,F,3.27,SO,C,4,2.94,9
47912738,Stella,Hart,F,3.74,SO,D,4,3.71,6
37576942,Rose,Orr,F,3.71,SO,E,4,3.56,6
42536551,Walker,Dillon,M,2.92,FY,C,0,0,5
24964909,Sebastian,Schmidt,M,2.88,FY,C,0,0,4
45372858,Piper,Daugherty,F,3.59,SO,E,5,2.4,10
36779667,Jaden,Day,M,2.57,SR,A,20,2.95,25
18661348,Makayla,Oneal,F,3.18,JR,E,13,3.18,18
19325683,Clayton,Suarez,M,3.39,JR,B,13,2.05,17
65503087,Luna,Wheeler,F,3.32,JR,C,13,3.51,14
89613427,Brady,Kim,M,3.08,JR,A,13,2.64,14
91536074,Chloe,Meadows,F,3.07,SR,B,24,3.01,29
96407618,Vivienne,Conner,F,2.6,SR,C,18,2.87,24
22861885,Mia,Wise,F,3.4,JR,B,13,3.21,16
67202307,Fiona,Berger,F,2.61,FY,B,0,0,4
47286115,Willow,Taylor,F,3.6,JR,B,13,3.43,18
28655044,Colt,Weeks,M,3.36,FY,A,0,0,5
67037149,Taylor,Evans,F,2.7,FY,E,0,0,0
92045110,Edward,Pratt,M,3.34,SO,E,5,3.15,9
58468454,Simon,Pierce,M,3.02,JR,E,12,3.06,16
46615982,Gunner,Jensen,M,4,SR,E,21,2.24,23
95005268,Nolan,Dodson,M,2.98,FY,E,0,0,5
56554815,Louis,Morrow,M,2.61,SR,A,18,2.69,27
93645706,Makayla,Koch,F,3.46,SO,E,5,3.29,8
58265141,Aaron,Harrell,M,3.35,SR,D,19,3.94,28
84005795,Brian,Terrell,M,3.34,SR,D,17,2.27,21
29841924,Rylan,Berg,M,2.56,FY,C,0,0,2
82259283,Leo,Dyer,M,3.05,FY,C,0,0,3
42616517,Sloane,Kelley,F,2.86,SR,A,21,2.47,23
98295386,Jayce,Freeman,M,3.49,FY,C,0,0,4
42684971,Judah,Gregory,M,2.67,JR,D,13,2.86,15
27068177,Cora,Mathis,F,3.31,SR,B,20,1.88,24
32464417,Eleanor,Lowery,F,3.67,SO,A,4,1.91,8
85025206,Phoenix,Payne,M,3.31,FY,A,0,0,0
24702762,Taylor,Prince,F,3.34,SO,C,4,2.44,6
27963643,Liam,Terrell,M,3.9,JR,A,13,3.68,15
38182090,Julia,Gilbert,F,3.36,JR,C,13,3.05,14
97102525,Emmett,Beltran,M,2.93,FY,C,0,0,5
91152603,Eva,Mann,F,3.53,JR,B,13,3.44,18
92809986,Juliana,Benton,F,2.99,SR,E,20,2.8,28
26958577,Rylan,Pittman,M,3.42,SR,E,17,3.32,25
11872357,Charlotte,Church,F,3.4,SO,E,4,2.72,4
33235114,Brooklyn,Michael,F,3.33,JR,D,12,3.12,14
11257306,Charlee,Miles,F,3.19,FY,B,0,0,3
51246128,Giselle,King,F,3.52,FY,A,0,0,2
84367472,Eli,Haley,M,3.5,SO,A,5,2.5,9
46653499,Stella,Humphrey,F,2.72,JR,E,12,2.94,15
42527699,Jocelyn,Person,F,3.25,SR,A,20,3.21,25
62683686,Finley,Montoya,F,2.89,JR,D,12,2.78,13
96372420,Eliza,Moody,F,2.61,FY,B,0,0,2
87767286,Everleigh,Jackson,F,3.05,FY,A,0,0,3
19581354,Julianna,Wagner,F,3.43,SO,C,4,3.07,6
79519059,Zoey,Henderson,F,2.99,SR,B,21,2.66,22
94171862,Walker,Wilkinson,M,2.97,SO,A,5,2.28,6
34672585,Alexa,Trevino,F,2.74,SR,A,19,2.07,26
16834431,Brayden,Dougherty,M,3.32,SR,C,16,3.35,24
58903699,Ezekiel,Craig,M,3.2,FY,C,0,0,4
29964976,Juliana,Esquivel,F,3.34,FY,E,0,0,0
58606203,Faith,Whitehead,F,2.88,FY,C,0,0,2
17641875,Tyler,Dominguez,M,2.98,SR,E,18,2.12,27
62791068,Nash,Rocha,M,3.5,FY,D,0,0,4
99669819,Damian,Khan,M,2.63,FY,B,0,0,5
38258451,Malachi,Phillips,M,2.67,JR,B,12,2.66,16
72815287,Xavier,Hendrix,M,2.71,FY,C,0,0,0
97414147,Summer,Wall,F,2.93,JR,C,13,2.97,18
82741304,Isaiah,Sierra,M,3.88,JR,A,14,3.82,18
33746693,Greyson,Rubio,M,3.06,JR,A,15,3.61,17
47792944,Cora,Dillon,F,3.95,FY,B,0,0,5
64666436,Vincent,Stevenson,M,3.44,SR,C,22,3.87,27
19608562,Lila,Murphy,F,3.61,JR,D,13,2.36,18
33049428,Summer,Wood,F,3.09,SR,A,22,3.67,27
37159711,Jason,Stout,M,3.21,FY,C,0,0,5
74940461,Maximus,Harris,M,2.93,SR,E,18,2,22
49963562,Ella,Mccall,F,3.39,SR,A,17,3.89,24
35733007,Carlos,Cantrell,M,3.95,SR,C,17,3,25
26409405,Mason,Evans,M,3.72,SR,C,22,2.84,24
16326558,Owen,Mejia,M,3.79,FY,E,0,0,2
67156213,Emersyn,Trujillo,F,3.68,SO,C,5,3.21,10
73605183,Mateo,Mcdowell,M,2.77,SR,C,18,2.25,26
17766148,Weston,Dunlap,M,2.94,FY,C,0,0,0
92919334,Brody,Valenzuela,M,3.56,FY,D,0,0,4
53472541,Lily,Pruitt,F,3.62,SO,E,5,3.55,9
67247643,Leila,Barron,F,3.15,SO,C,4,2.66,7
46240305,Teagan,Parker,F,2.89,SO,C,5,2.65,7
31107169,Aliyah,Chang,F,3.65,SR,C,22,3.56,24
25060198,Alaina,Best,F,3.61,FY,D,0,0,2
76803420,Claire,Reid,F,3.63,JR,E,14,2.69,14
95109514,Elijah,Ward,M,2.83,FY,C,0,0,4
99074198,Ezra,Jensen,M,3.04,SO,C,4,3.35,5
58951474,Jaden,Tate,M,2.9,SO,A,5,2.83,9
81521573,Jordyn,Nava,F,2.99,SO,A,4,2.52,8
58322072,Bryce,Torres,M,3.37,SR,D,20,3.88,29
15068816,Dallas,Esparza,M,2.74,JR,E,12,2.67,16
28940635,Kevin,Young,M,3.1,FY,C,0,0,4
84170531,Mariana,Proctor,F,3.16,JR,A,13,2.69,17
63755568,Kaleb,Bentley,M,3.36,FY,B,0,0,2
89710071,David,Farmer,M,3.57,JR,A,14,2.46,19
91527401,Elise,Savage,F,2.83,JR,C,13,3.42,16
92498237,Hudson,Valenzuela,M,3.38,SR,A,17,3.25,24
33103244,Athena,Raymond,F,3.2,JR,A,12,3.14,15
67882863,Theo,Keith,M,3.26,SO,C,5,3.27,6
95829531,Kameron,Spears,M,2.59,SR,E,21,2.11,22
13451129,Julia,Beard,F,2.72,SO,C,5,2.1,8
35909166,Josue,Cantrell,M,3.34,FY,E,0,0,3
52521354,Carter,Montoya,M,2.83,JR,D,14,2.01,18
81595584,Justin,Cisneros,M,2.78,SR,E,16,2.75,22
75744478,Benjamin,Stanton,M,3.2,FY,C,0,0,3
29496116,Jayce,Clements,M,2.51,SR,C,18,2.7,23
88140969,Preston,Villegas,M,3.84,JR,C,13,2.54,15
97845151,Easton,Gates,M,3.35,SR,E,23,3.2,26
42394016,Wesley,Neal,M,2.64,JR,B,14,2.27,19
31482715,Ezra,Cardenas,M,3.46,JR,E,12,2.07,16
86043760,Amir,Carroll,M,2.57,FY,E,0,0,4
17653380,Michael,Scott,M,3.37,SO,A,5,3.2,6
42937509,Alexa,Foley,F,2.89,JR,C,15,2.95,16
11106394,Finley,Hess,F,3.71,JR,D,15,3.71,18
22443928,Francisco,Cook,M,3.71,SO,D,5,3.54,9
72609869,Iris,Armstrong,F,3.46,SR,D,18,2.52,26
64942059,Anderson,Russo,M,2.9,JR,E,14,2.27,16
71364930,Alaina,Fowler,F,3.02,FY,D,0,0,3
44176102,Makayla,Ferguson,F,3.33,FY,A,0,0,2
26538956,Phoenix,Wilkins,M,3.01,JR,E,13,2.68,13
52234701,Xavier,Sandoval,M,2.98,SO,A,4,2.93,8
85417394,Miguel,Wells,M,3.34,JR,C,13,3.21,15
78328602,Harper,Buckley,F,3.79,SO,C,5,2.19,9
63963455,Hayden,Kirk,M,2.94,FY,B,0,0,2
94580916,Elsie,Cain,F,3,FY,C,0,0,2
85769792,Kenneth,Daniels,M,2.67,SO,C,5,2.66,9
31151018,Alyssa,Charles,F,3.47,SR,A,24,3.59,28
42621410,Jacob,Watkins,M,3.72,SO,C,4,2.45,6
21323879,Samantha,Schwartz,F,2.71,JR,C,12,2.88,17
57981261,Emerson,Delgado,F,2.74,SO,B,4,3.57,9
11255010,Amiyah,Mccoy,F,3.04,FY,A,0,0,3
56099513,Kayden,Kirk,M,2.89,FY,A,0,0,0
42287693,Walker,Meza,M,3.11,JR,C,12,2.14,13
38331675,Daleyza,Garrett,F,2.72,SO,E,4,2.02,4
89185396,Jackson,Keller,M,2.91,FY,D,0,0,2
79122885,Myles,Cannon,M,2.87,FY,E,0,0,0
39835804,Wyatt,Bradley,M,2.53,JR,A,13,2.65,17
65369867,Brooks,Charles,M,2.81,FY,C,0,0,5
43172068,Jocelyn,Richmond,F,3.72,FY,C,0,0,4
81847067,Jesse,Erickson,M,3.08,SR,C,21,2.42,25
93094487,Ellie,Davenport,F,3.96,SO,D,4,3.29,6
77952968,Landon,Thomas,M,3.37,FY,C,0,0,3
94521793,Jordyn,Valencia,F,2.84,SR,B,21,3.11,25
59883319,Finley,Monroe,M,2.78,FY,C,0,0,3
58926838,Natalia,Holt,F,3.08,SR,A,18,2.2,25
81263570,Camden,Warner,M,2.78,SO,C,5,2.61,7
22157163,Natalia,Castaneda,F,3.92,SR,D,19,2.62,25
41185985,Thea,Cuevas,F,3.36,SO,E,4,2.65,7
72656356,Remi,Burgess,F,2.75,JR,B,12,2.77,16
63108277,Juan,Schaefer,M,2.62,SR,C,20,2.09,24
46945640,Brynlee,Mccullough,F,2.79,SR,C,21,3.82,25
33021337,Sean,Sloan,M,3.07,SO,C,4,2.17,8
34236856,Charlotte,Osborne,F,3.6,FY,A,0,0,1
55357270,Amaya,Barton,F,3.84,SR,C,17,2.94,24
56393645,Leonardo,Peterson,M,2.86,JR,C,12,2.76,14
48570832,Derek,Taylor,M,3.68,SR,A,16,3.58,23
82345597,River,Harris,M,3.27,SR,E,21,2.16,23
88499094,Alejandro,Mclean,M,3.5,SR,C,16,3.48,22
69708394,Dawson,Faulkner,M,2.56,SR,C,20,2.56,25
75767948,Elizabeth,Middleton,F,2.52,SO,E,4,2.09,9
73872762,Ezekiel,Hardin,M,3.8,SO,D,5,2.24,9
58229645,Gabriella,Dunlap,F,3.12,SR,C,19,2.08,26
99515165,Eliza,Skinner,F,3.59,SR,A,21,1.88,23
18794832,Melissa,Snow,F,3.41,SO,C,4,3.82,4
78548513,Axel,Lyons,M,2.57,SR,A,23,2.16,25
79796595,Hope,Cooper,F,3.87,SO,D,4,3.5,9
45799336,Diego,Chang,M,3.05,JR,A,12,3.36,17
57986737,Joshua,Rivas,M,3.79,SR,D,18,3.75,24
33709900,Autumn,Dunlap,F,3.22,SR,C,21,2.65,23
73346580,Arlo,Gutierrez,M,3.37,FY,C,0,0,3
72152763,Holden,Ibarra,M,3.24,SR,C,20,2.29,23
32421918,Remi,David,F,3.67,JR,B,12,2.71,16
69681959,Addison,Mejia,F,2.71,FY,C,0,0,5
75950598,Kaiden,Dougherty,M,3.25,SO,A,6,3.07,10
29611104,Nicolas,Macias,M,3.59,SR,B,16,2.73,24
27390099,Gael,Banks,M,3.44,JR,B,13,1.85,16
16103809,Antonio,Hester,M,3.06,JR,D,13,3.24,13
98563152,Iris,Dickson,F,3.95,SR,E,17,2.59,23
23726190,Emersyn,Holland,F,3.08,SR,D,20,3.78,22
45749627,Kinsley,Salazar,F,3.38,JR,A,13,2.98,15
47440166,Lia,Lin,F,2.78,SO,C,4,2.27,4
71242588,Laila,Peters,F,3.96,FY,A,0,0,5
41844690,Vivian,Campos,F,3.91,JR,E,13,3.9,16
27841597,Nicole,Hubbard,F,3.25,FY,C,0,0,4
18293650,Aubrey,Hicks,F,3.92,JR,A,14,3.51,17
16562855,Andrew,Bryan,M,3.6,JR,A,12,3.28,17
62572472,Olivia,Miles,F,3.96,JR,C,14,2.62,18
86952065,Harley,Lester,F,2.81,FY,E,0,0,2
87167984,Jeremiah,Allen,M,3.67,SO,E,4,2.18,8
62696838,Mila,Vo,F,3.62,SR,E,17,3.6,23
67531247,Josie,Dunn,F,3.67,SO,E,5,3.27,7
46036560,Piper,Freeman,F,3.96,SO,C,4,3.8,9
38641706,Cole,Gill,M,3.31,SO,E,4,2.24,7
97923738,Weston,Portillo,M,2.89,SO,C,4,2.54,6
76137560,Karter,Gregory,M,2.8,FY,E,0,0,2
28372492,Andrea,Moss,F,2.98,JR,C,12,2.85,17
76847195,Dominic,Espinosa,M,3.17,SO,C,6,3.45,8
31199589,Silas,Arias,M,3.54,JR,E,13,1.81,15
41187721,Penelope,Roman,F,3.25,FY,B,0,0,4
53145549,Samantha,Harris,F,3.4,JR,A,14,3.07,16
79621722,Natalie,Moore,F,3.42,FY,C,0,0,3
64330550,Alivia,Gibbs,F,3.74,SO,E,4,2.03,8
18459684,Liam,Orr,M,2.56,FY,E,0,0,5
44044048,Abel,Klein,M,2.6,SO,A,4,3.03,6
71993721,Sienna,Ingram,F,3.47,SR,D,22,3.43,26
36976535,Kevin,Gill,M,2.73,SO,E,4,2.54,8
69880184,Greyson,Calhoun,M,2.67,SO,D,6,3.28,10
24696182,Juliana,Holt,F,3.24,SO,C,4,3.15,8
27997452,Felix,Hanson,M,2.56,SO,A,6,2.42,8
94548047,Leo,Collier,M,3.51,SO,D,6,2.75,11
21111265,Everleigh,Bernal,F,3.37,SR,E,22,2.53,24
91855827,Giovanni,Rubio,M,3.6,JR,A,12,2.29,15
38915643,Teagan,Nicholson,F,3.15,JR,C,13,3.01,18
79702163,John,Garcia,M,3.29,JR,A,13,3.09,17
73636814,Harley,Zuniga,F,3.73,JR,A,12,2.18,13
73855688,Lucille,Adkins,F,3.56,SO,B,4,3.48,8
74131081,Caleb,Medina,M,3.83,SR,D,22,3.71,25
24647254,Myles,Hurley,M,3.59,JR,C,14,3.5,17
48275895,Abraham,Pham,M,2.91,FY,A,0,0,2
45630836,Rose,Brandt,F,3.63,JR,E,13,2.08,16
19147491,Francisco,Montes,M,2.67,FY,E,0,0,0
97647549,Bryan,Shaw,M,3.15,SO,C,4,3.41,7
38517140,Brayden,Ball,M,2.95,SO,D,5,2.07,8
35196902,Mariana,Mullen,F,3.89,SO,B,5,1.83,9
58909170,Riley,Potter,F,2.91,SR,B,21,2.48,26
69894109,Lyla,Calhoun,F,2.75,SO,D,5,3.71,9
42132950,Briella,Tapia,F,3.19,SO,C,4,2.79,9
77744483,Ayla,Buchanan,F,3.8,JR,C,12,2.13,16
